Date,StrategyReturn
2020-08-28,-0.0013908577887694665
2020-08-31,0.005753196420257456
2020-09-01,-3.286876334588967e-05
2020-09-02,0.0050092279855479226
2020-09-03,-0.007919320298666287
2020-09-04,-0.004422734829183777
2020-09-04,-6.987829207838882e-05
2020-09-07,0.0
2020-09-08,-0.0023744976980981224
2020-09-09,0.0040989909988707884
2020-09-10,-0.0005401392763505221
2020-09-11,0.00022021635103327804
2020-09-11,-0.0007571345738678996
2020-09-14,0.002364529752833011
2020-09-15,0.001754823804329644
2020-09-16,-0.0069031996151186345
2020-09-17,0.0004611795607136551
2020-09-18,-0.00039726208558512233
2020-09-18,-0.002536730607925978
2020-09-21,-0.0008948163202023331
2020-09-22,0.0005166030702561332
2020-09-23,2.9756299619255544e-05
2020-09-24,0.0018656249115090665
2020-09-25,0.0032415829454749997
2020-09-25,0.0028116962737353224
2020-09-28,-0.001611421248581111
2020-09-29,0.0034362533856052
2020-09-30,0.003735517187933433
2020-10-01,0.001670852500694567
2020-10-02,-0.004918387945682955
2020-10-02,-0.006406494279824832
2020-10-05,0.0005919064471648888
2020-10-06,-0.0010212991270195002
2020-10-07,0.001800105354350533
2020-10-08,-0.0041948577404297555
2020-10-09,0.005144265167081588
2020-10-09,0.0051442651670815884
2020-10-12,0.0020694520125132
2020-10-13,0.002300034180291877
2020-10-14,-0.0011878756652113891
2020-10-15,-0.0042713845012254
2020-10-16,0.003155154565603389
2020-10-16,0.004348331985093889
2020-10-19,0.0003579762483029888
2020-10-20,-0.001575510202583733
2020-10-21,-0.00030117484716006635
2020-10-22,-0.004447651955491488
2020-10-23,-4.207264599345538e-05
2020-10-23,0.00042262007662842227
2020-10-26,0.001471361723154255
2020-10-27,0.002180271922977422
2020-10-28,0.0002482106382912999
2020-10-29,-0.0021295466071623442
2020-10-30,-0.004096714775870677
2020-10-30,0.0013976049028288447
2020-11-02,0.0011944596410685005
2020-11-03,0.0027838548153975777
2020-11-04,-0.0013114331145315668
2020-11-05,0.0001540790662068769
2020-11-06,0.0008764187105498331
2020-11-06,0.0022473027628948
2020-11-09,-0.013844436282531035
2020-11-10,-0.002761319282138133
2020-11-11,0.001194092701126478
2020-11-12,-0.0006424774020919442
2020-11-13,-0.002609923534725233
2020-11-13,-0.0037501392475969885
2020-11-16,-0.010326105310820188
2020-11-17,-0.002669048915698211
2020-11-18,-0.00015478538326923336
2020-11-19,-0.000779755536527311
2020-11-20,0.0005924018390100999
2020-11-20,-1.4093936388666862e-06
2020-11-23,-0.011327087555895588
2020-11-24,-0.005869266994980421
2020-11-25,0.0038701603929117002
2020-11-26,0.0
2020-11-27,0.003316738643807122
2020-11-27,0.004297797259041622
2020-11-30,0.009873659848672944
2020-12-01,0.0029726317306393887
2020-12-02,-0.0031779839463207888
2020-12-03,-0.002214877138256111
2020-12-04,-0.005919496946372611
2020-12-04,-0.003845337751636411
2020-12-07,0.0027241528997107773
2020-12-08,-0.00020288776958338878
2020-12-09,-0.003048803455415578
2020-12-10,-0.0032730161580882995
2020-12-11,0.0007841781817438667
2020-12-11,0.0022972023595452997
2020-12-14,0.0050261482342937
2020-12-15,-0.0015462489756276445
2020-12-16,0.0007105830002225766
2020-12-17,0.0009114997505565111
2020-12-18,0.004233709724367422
2020-12-18,-0.0009609489473755776
2020-12-21,-0.0012311218060773
2020-12-22,0.0048862820093926555
2020-12-23,-0.0069389320906142
2020-12-24,0.0032689590750095776
2020-12-25,0.0
2020-12-25,0.0
2020-12-28,0.003497666354978866
2020-12-29,0.0007197322369839889
2020-12-30,-0.0024260729540988447
2020-12-31,0.0021362321108705663
2021-01-01,0.0
2021-01-01,0.0
2021-01-04,-0.002116202432818911
2021-01-05,-0.00452923079414841
2021-01-06,-0.008116955724492322
2021-01-07,0.000278509870338722
2021-01-08,0.0030995827872813218
2021-01-08,0.0030995827872813218
2021-01-11,-0.0040016900018757995
2021-01-12,-0.0084476308539854
2021-01-13,0.005279793083058221
2021-01-14,-0.0061876833685238
2021-01-15,0.007346682206837522
2021-01-15,-0.00018345868217789973
2021-01-18,0.0
2021-01-19,0.0006571129938650227
2021-01-20,0.000644391585007078
2021-01-21,-0.0001289917861833109
2021-01-22,0.00014637421315419986
2021-01-22,0.00023530883418167774
2021-01-25,0.0013864143544310222
2021-01-26,0.0009318363993720996
2021-01-27,-0.0022838796421267445
2021-01-28,-0.0009853791209819109
2021-01-29,0.001771309966274656
2021-01-29,0.0012681292934008889
2021-02-01,-0.0019373734236203444
2021-02-02,0.0013057181793445557
2021-02-03,-0.005730209571368533
2021-02-04,0.00019000507026412203
2021-02-05,-0.0005290193996020444
2021-02-05,-0.001094650944276822
2021-02-08,-0.004256136462558355
2021-02-09,0.0006523715404072555
2021-02-10,-0.0032900820187105333
2021-02-11,0.0030119881677927113
2021-02-12,-0.0013110805622733558
2021-02-12,-0.0015485860802194888
2021-02-15,0.0
2021-02-16,-0.003423070992237162
2021-02-17,-0.0015355431774419332
2021-02-18,0.001823873675149722
2021-02-19,-0.008379920455057156
2021-02-19,-0.007012482244426845
2021-02-22,-0.010188436132818154
2021-02-23,-0.0010646945956324448
2021-02-24,-0.0055585956950655446
2021-02-25,-0.002172744289712411
2021-02-26,0.004503570583880255
2021-02-26,-0.000987811547427889
2021-03-01,0.0006655590835813999
2021-03-02,0.0005717217431105552
2021-03-03,-0.0005493915397508666
2021-03-04,0.0005725134800637669
2021-03-05,0.0015863562580711108
2021-03-05,0.0018899510506372112
2021-03-08,-0.0066468240836253
2021-03-09,0.0009717154653359221
2021-03-10,-0.0023584072289512996
2021-03-11,0.002159701795507755
2021-03-12,-0.002263986127718689
2021-03-12,-0.0022488527703497557
2021-03-15,0.0032118540821730003
2021-03-16,0.006768075203710722
2021-03-17,-0.003882651285920244
2021-03-18,0.00029190316287543334
2021-03-19,0.0014022576122452667
2021-03-19,-0.0008613028021240557
2021-03-22,0.002674315525024556
2021-03-23,0.002819060402186022
2021-03-24,-0.0014487083942925885
2021-03-25,0.0012476738652079224
2021-03-26,0.0029422248353996
2021-03-26,0.0007133228481271334
2021-03-29,0.001696393778226022
2021-03-30,-0.0017035816588491111
2021-03-31,0.0025742447767927784
2021-04-01,-0.0019405347104582667
2021-04-02,0.0
2021-04-02,0.0
2021-04-05,0.006629838740302656
2021-04-06,0.0003399300779260555
2021-04-07,-0.00048368032653975547
2021-04-08,0.003463575607236589
2021-04-09,0.0014537484405107441
2021-04-09,0.0013741369028645667
2021-04-12,-0.0002989470507734111
2021-04-13,0.004493681160961066
2021-04-14,-0.004830805861113745
2021-04-15,0.006337476006338933
2021-04-16,0.0017920865517409555
2021-04-16,0.0008310313049857888
2021-04-19,-0.0014574947813491223
2021-04-20,0.005715287272767848
2021-04-21,-0.0036337986031192222
2021-04-22,-0.00026350340096413337
2021-04-23,-0.0009750094275201444
2021-04-23,-0.00021021901444622225
2021-04-26,-0.00035349861457178506
2021-04-27,-0.004513343889352912
2021-04-28,-0.0043968684161813446
2021-04-29,-0.0012205122739529666
2021-04-30,0.0008970228956821889
2021-04-30,0.0012516812248834555
2021-05-03,-0.0016590426323392442
2021-05-04,-0.0012496870831915999
2021-05-05,-0.004867881288268878
2021-05-06,0.0007829921853670443
2021-05-07,-0.0008738519195795109
2021-05-07,-0.0012405515528059775
2021-05-10,-0.004368742260753022
2021-05-11,0.004000101663298467
2021-05-12,-0.005707887704877667
2021-05-13,0.002508805088310622
2021-05-14,-0.0007853119531822776
2021-05-14,0.0012378738664126445
2021-05-17,0.0009004227272954445
2021-05-18,-0.0016273832008444889
2021-05-19,-0.000630714125537278
2021-05-20,-0.0012937212256509112
2021-05-21,0.0006513066853073108
2021-05-21,-0.002330568110585611
2021-05-24,0.0019614089745929554
2021-05-25,0.002257187490488667
2021-05-26,-0.0008424082159004555
2021-05-27,-0.003766792630036689
2021-05-28,0.00029784023307236664
2021-05-28,-8.307023559933333e-05
2021-05-31,0.0
2021-06-01,-0.0005228083185387666
2021-06-02,-0.001390547366865833
2021-06-03,3.98469205797889e-05
2021-06-04,0.0002868075253196218
2021-06-04,-0.0021228735588642443
2021-06-07,-0.000917425186605922
2021-06-08,-0.0026100504652992553
2021-06-09,0.0025045442039298
2021-06-10,0.001320068113570088
2021-06-11,-0.00034970212891082214
2021-06-11,-0.00026116831229491117
2021-06-14,0.004259053709379189
2021-06-15,-0.004266408833489056
2021-06-16,-0.0018159291501875332
2021-06-17,0.011075145111540511
2021-06-18,0.0008545177339730223
2021-06-18,0.0013245871795424997
2021-06-21,-0.002468934146131145
2021-06-22,-0.0012547880214242666
2021-06-23,-0.0012752427132034113
2021-06-24,-0.0013576424253862666
2021-06-25,1.099006331303342e-05
2021-06-25,-0.0002026784790089
2021-06-28,0.0069852620899096395
2021-06-29,0.0011629627725571554
2021-06-30,-0.0029110796745039887
2021-07-01,-0.001174323443622722
2021-07-02,0.0034450064708556327
2021-07-02,0.002144229860141511
2021-07-05,0.0
2021-07-06,0.0036447870016018224
2021-07-07,0.0016625819983748667
2021-07-08,-0.00048515409649978875
2021-07-09,-0.0032795651079685997
2021-07-09,-0.005037661834486356
2021-07-12,-0.00014846347495828884
2021-07-13,0.002379533936562411
2021-07-14,0.005626143060932955
2021-07-15,0.0006717720833776222
2021-07-16,0.005407521850218733
2021-07-16,0.005407521850218733
2021-07-19,0.003815493858488011
2021-07-20,-0.002820833579175611
2021-07-21,-0.006227643626798211
2021-07-22,0.004825371073947189
2021-07-23,0.004314402223020867
2021-07-23,0.005568086937373822
2021-07-26,-0.0026568412656013778
2021-07-27,0.0009598196758239333
2021-07-28,-0.0007405370786979999
2021-07-29,-0.0033242018338610216
2021-07-30,0.001214820795121411
2021-07-30,0.0008157098928513887
2021-08-02,0.0026387779245469222
2021-08-03,-0.0008257996449512652
2021-08-04,0.005463372608011011
2021-08-05,-0.0008390591607952667
2021-08-06,-0.0017600518410101887
2021-08-06,-0.0038505930711604333
2021-08-09,0.0010779155546549331
2021-08-10,-0.004657121875327545
2021-08-11,-0.0021781953590699885
2021-08-12,0.0012457272793289335
2021-08-13,0.0040465142566744996
2021-08-13,0.0014646586468054779
2021-08-16,0.0024298083265285662
2021-08-17,0.0017178958663108556
2021-08-18,0.0010405485458574444
2021-08-19,0.0009572170950877557
2021-08-20,0.0012825285121349887
2021-08-20,0.002367427740094333
2021-08-23,-0.0058023815709275
2021-08-24,-0.0037523681753126887
2021-08-25,-0.0013996297525186335
2021-08-26,0.0012764597470771
2021-08-27,-0.002647929570917833
2021-08-27,-0.0027474681554956666
2021-08-30,0.005609227328225377
2021-08-31,0.0017761865557404887
2021-09-01,0.006718297458219344
2021-09-02,-0.00201090081333104
2021-09-03,0.0009182013805985113
2021-09-03,-0.0008517763719300001
2021-09-06,0.0
2021-09-07,-0.0030646024505513
2021-09-08,0.0026530479772745555
2021-09-09,-0.0017369566383951555
2021-09-10,-0.0017880332518598998
2021-09-10,-0.0024623026870770554
2021-09-13,-0.004486883871533827
2021-09-14,0.002647777226550689
2021-09-15,-0.004591107932568511
2021-09-16,0.0012804816147400444
2021-09-17,-0.002899995674776032
2021-09-17,-0.002899995674776032
2021-09-20,0.002724323101748944
2021-09-21,-0.0003016429465591333
2021-09-22,-0.004200051270969433
2021-09-23,-0.005584859699280233
2021-09-24,-0.0006878698341554556
2021-09-24,-0.0018728700801707667
2021-09-27,-0.00861800915225391
2021-09-28,-0.004729473689686433
2021-09-29,0.00033843205846287793
2021-09-30,0.002305600642715979
2021-10-01,-0.0018680746045914996
2021-10-01,-0.0020567341204394555
2021-10-04,-0.007470705761027411
2021-10-05,0.0019528509545831887
2021-10-06,0.0011958828452454555
2021-10-07,-0.0001658476207665667
2021-10-08,-0.004487332349564245
2021-10-08,-0.005444497424394977
2021-10-11,-0.000623478079309511
2021-10-12,0.0009172187721023998
2021-10-13,0.002133205057541789
2021-10-14,0.001745540024568789
2021-10-15,-0.0022722062510723224
2021-10-15,-0.0023172143825885665
2021-10-18,0.0019148373154419774
2021-10-19,-6.19437687830445e-05
2021-10-20,-0.0007420473451411445
2021-10-21,0.003496844348961022
2021-10-22,-0.004969749838952944
2021-10-22,-0.0034517747490553337
2021-10-25,-0.002383217477171677
2021-10-26,-0.0003040126751926556
2021-10-27,0.004734941434281533
2021-10-28,-0.0006342196695540495
2021-10-29,0.0014866202355597
2021-10-29,0.003135534543881489
2021-11-01,-0.002315553804059418
2021-11-02,0.0022770074206850443
2021-11-03,0.0027376091587349885
2021-11-04,0.0024874885872567666
2021-11-05,-0.002246305131120278
2021-11-05,-0.0024392552960851334
2021-11-08,-0.0023598766536767333
2021-11-09,-0.003178794423592996
2021-11-10,0.0014975411909764335
2021-11-11,-0.0003636550090115222
2021-11-12,0.001720088740022411
2021-11-12,5.1261880244144755e-05
2021-11-15,-0.000763586977442089
2021-11-16,0.0019895132191909888
2021-11-17,0.0025663185327893467
2021-11-18,0.002467053248730122
2021-11-19,0.005925492893993677
2021-11-19,0.0061203367250701884
2021-11-22,-0.0042941256812718325
2021-11-23,-0.0032862641636227556
2021-11-24,0.0017615701803837666
2021-11-25,0.0
2021-11-26,0.0011717682605430447
2021-11-26,0.004947467620551845
2021-11-29,0.0034497619974773004
2021-11-30,0.0004950644258829667
2021-12-01,-0.0008694728854330111
2021-12-02,-0.005665913555859299
2021-12-03,0.0004913287694478445
2021-12-03,0.0051778216174095774
2021-12-06,0.002483383418855144
2021-12-07,-0.0021587202442773
2021-12-08,-0.0012810907615823665
2021-12-09,0.001962586251937989
2021-12-10,0.0010732857569548664
2021-12-10,-0.0009387772293460889
2021-12-13,0.0025344541748479332
2021-12-14,-0.0012867022338055333
2021-12-15,0.003755656541947556
2021-12-16,-0.003256645510434422
2021-12-17,0.0028686655155715883
2021-12-17,0.002153199506710922
2021-12-20,0.0006013508499963338
2021-12-21,-0.001730220470145711
2021-12-22,0.003831955684506889
2021-12-23,-0.0008867319824896663
2021-12-24,0.0
2021-12-24,0.0
2021-12-27,-0.001656877883069822
2021-12-28,0.0006650681873317445
2021-12-29,0.0006049875661852109
2021-12-30,-0.0009204252789728002
2021-12-31,0.0012383534762936334
2021-12-31,-0.003227319767501533
2022-01-03,-0.0029323355232046106
2022-01-04,-0.011903440969344987
2022-01-05,-0.005562099171246766
2022-01-06,-0.006021208113794011
2022-01-07,-0.0045696250077963884
2022-01-07,0.003426504594834622
2022-01-10,-0.0028621322727999886
2022-01-11,-0.003684840686567278
2022-01-12,2.424690747414441e-05
2022-01-13,0.0058150450649333005
2022-01-14,-0.0020476498528824777
2022-01-14,-0.001614471486876478
2022-01-17,0.0
2022-01-18,0.0008308701083363108
2022-01-19,0.0021611653627561
2022-01-20,0.0013639463538469444
2022-01-21,0.0017930542205719217
2022-01-21,-0.0024359785662350225
2022-01-24,-0.0005106323372422144
2022-01-25,-0.009738027743962398
2022-01-26,-0.0007822140468284667
2022-01-27,0.00023800445981382243
2022-01-28,0.009548199678423276
2022-01-28,0.003068615195496411
2022-01-31,-0.0008328607250897112
2022-02-01,-0.004280615913885244
2022-02-02,0.004076854229464655
2022-02-03,0.002123218589569955
2022-02-04,-0.004948704215272078
2022-02-04,-0.0019405847050777331
2022-02-07,-0.004800028441279977
2022-02-08,0.0022043665707254445
2022-02-09,0.0037154865933814113
2022-02-10,-0.0032667552316273216
2022-02-11,-0.007880854870871111
2022-02-11,0.009334419598037588
2022-02-14,-0.005318008277496778
2022-02-15,-0.005484277340509745
2022-02-16,0.002609032795104522
2022-02-17,0.005768753033395788
2022-02-18,0.0011628834335577999
2022-02-18,-0.00046973966397385555
2022-02-21,0.0
2022-02-22,0.0012677530948626665
2022-02-23,0.0018338925201077554
2022-02-24,0.0037806803680453327
2022-02-25,-0.0013320095411217332
2022-02-25,-0.0047311342398022775
2022-02-28,-0.002155677440800511
2022-03-01,-0.0032669069879858216
2022-03-02,-0.001957246634553122
2022-03-03,-0.005704912631680966
2022-03-04,-0.008359364088387757
2022-03-04,-0.0003379473658008668
2022-03-07,0.0005553636106462556
2022-03-08,0.0015526291297004446
2022-03-09,0.0018893470664289886
2022-03-10,-0.0004988287999653557
2022-03-11,-0.0013012719960150778
2022-03-11,0.0009706309072595443
2022-03-14,-0.0016531598191608674
2022-03-15,-0.0026442930441841882
2022-03-16,0.002781045715747078
2022-03-17,-0.0012156988161130444
2022-03-18,0.0008637034089375221
2022-03-18,0.0018818296165820107
2022-03-21,-0.0035848297429088437
2022-03-22,0.000812259905577878
2022-03-23,-0.0030256694521665997
2022-03-24,0.004151331025326567
2022-03-25,-0.002225363960815967
2022-03-25,-0.0014820111045105
2022-03-28,0.006772536471430488
2022-03-29,0.0061651425382833
2022-03-30,-0.001804628321512389
2022-03-31,0.0021409024839262334
2022-04-01,0.0037990120778382225
2022-04-01,0.0024952481365796224
2022-04-04,0.0012385487682668892
2022-04-05,0.002001956010797789
2022-04-06,0.0017563424421795787
2022-04-07,0.0005659287781303337
2022-04-08,-0.004202673213659855
2022-04-08,-0.0027465519227984334
2022-04-11,-0.004153613598884869
2022-04-12,0.0005170289886705718
2022-04-13,0.0032364791889981444
2022-04-14,-0.002385791296809411
2022-04-15,0.0
2022-04-15,0.0
2022-04-18,-0.00031738497415521123
2022-04-19,-0.002006394903034222
2022-04-20,0.009294145136385077
2022-04-21,-0.00025971012855240013
2022-04-22,-0.0023643458196548443
2022-04-22,0.002236197813119211
2022-04-25,0.003370925589240422
2022-04-26,-0.003673512742270703
2022-04-27,-0.001546731379240511
2022-04-28,0.003136274821169944
2022-04-29,0.0009638647779037999
2022-04-29,-0.0025821079883017553
2022-05-02,0.003981076415608289
2022-05-03,-0.0053590377102727006
2022-05-04,-0.0020656442256922
2022-05-05,-0.005739396544413866
2022-05-06,-0.006004821398421211
2022-05-06,0.0016010962672847778
2022-05-09,-0.001867449384997122
2022-05-10,-0.0037201042384968773
2022-05-11,0.006068845702264278
2022-05-12,0.0008023140473938223
2022-05-13,-0.0006942635917894668
2022-05-13,-0.0017232332674550557
2022-05-16,0.004548002672244523
2022-05-17,-7.177074764115718e-05
2022-05-18,0.002032573097547111
2022-05-19,0.0009193988790873781
2022-05-20,0.0032927950294063995
2022-05-20,0.005917758718234122
2022-05-23,0.0014460263336238332
2022-05-24,0.0072320241610329215
2022-05-25,-0.0032036988629454218
2022-05-26,-0.0066157733780191665
2022-05-27,0.0006681574089876226
2022-05-27,0.0015240820399498444
2022-05-30,0.0
2022-05-31,-0.0016916664754520945
2022-06-01,0.0012825784426196223
2022-06-02,0.000400674510724589
2022-06-03,-0.001061819993646722
2022-06-03,0.001368841555697589
2022-06-06,0.0004926468160132223
2022-06-07,0.00020826781003153348
2022-06-08,-0.004633172147953644
2022-06-09,-0.0004741826956679888
2022-06-10,0.00037584974263051095
2022-06-10,0.0012800936078346888
2022-06-13,-0.0031245802507920556
2022-06-14,-0.0009027674108020001
2022-06-15,-0.002244464371374589
2022-06-16,-0.0012845925710344888
2022-06-17,-0.001715186962659022
2022-06-17,0.005879219557571899
2022-06-20,0.0
2022-06-21,-0.0005225257955561223
2022-06-22,0.007490118780271476
2022-06-23,0.012206019150486165
2022-06-24,-0.0006278758022592
2022-06-24,-0.0006868929184416666
2022-06-27,-0.003959650954600222
2022-06-28,-0.009454251190569266
2022-06-29,0.0062741946197466
2022-06-30,-4.851741038293335e-05
2022-07-01,-0.0010448296076684001
2022-07-01,-0.002105573175187455
2022-07-04,0.0
2022-07-05,0.005969526652576577
2022-07-06,0.0008322838257484332
2022-07-07,0.0005392353775109742
2022-07-08,0.0008507788158898888
2022-07-08,-0.0008080625561541222
2022-07-11,0.002778782140124222
2022-07-12,-0.0008988599839454112
2022-07-13,0.0008073452442180222
2022-07-14,-0.0013735207167301314
2022-07-15,-0.0032359991466123445
2022-07-15,-0.0030179324128316778
2022-07-18,0.00025168574797327774
2022-07-19,-0.0042541179119154554
2022-07-20,-0.00022692707154596672
2022-07-21,0.0022079284661469445
2022-07-22,0.002974621180028056
2022-07-22,0.0005556096314947888
2022-07-25,0.0010659671073721777
2022-07-26,0.004362991917502822
2022-07-27,-0.0003167478367840223
2022-07-28,0.0021887244821125118
2022-07-29,-0.004894147981578956
2022-07-29,-0.005097740334244256
2022-08-01,-0.001758881412995789
2022-08-02,0.0007207822328716667
2022-08-03,-0.0010482187799400933
2022-08-04,-0.0004757396148563445
2022-08-05,0.000983554596854511
2022-08-05,-0.0006755996282815334
2022-08-08,-0.00023186445312845764
2022-08-09,-0.0002540081587280331
2022-08-10,0.0009717485917186223
2022-08-11,-0.00040185411209263345
2022-08-12,0.0010328262238288666
2022-08-12,0.0013206934630021
2022-08-15,0.0018546234617146887
2022-08-16,-0.00024137742004557772
2022-08-17,0.0003992043685461334
2022-08-18,-9.255109720423328e-05
2022-08-19,0.002508197726446033
2022-08-19,-0.0019586361593838444
2022-08-22,-0.00046728707408560005
2022-08-23,0.002635914999722567
2022-08-24,-0.0004254749626625222
2022-08-25,0.001381412084423678
2022-08-26,0.0016182558554514999
2022-08-26,0.00036717153424019994
2022-08-29,-0.00017387311544353348
2022-08-30,-0.0017011648254282553
2022-08-31,0.0013518221315983775
2022-09-01,0.0017840014591574594
2022-09-02,-0.0031491756747453778
2022-09-02,-0.004623049952906388
2022-09-05,0.0
2022-09-06,0.0006700145529941665
2022-09-07,0.004854922555988477
2022-09-08,-0.00037182912483482234
2022-09-09,-0.0011816854048290705
2022-09-09,-0.0011816854048290705
2022-09-12,0.00026582634231574464
2022-09-13,-0.0025811737972045888
2022-09-14,-0.0011139205841446667
2022-09-15,-0.0013591628929768445
2022-09-16,0.0040229323145705995
2022-09-16,0.004485378574352511
2022-09-19,-0.00027091265240292194
2022-09-20,-0.0015317482114416223
2022-09-21,0.0003227131271624888
2022-09-22,0.0012671365531813001
2022-09-23,0.0071968174646552495
2022-09-23,0.0071968174646552495
2022-09-26,-0.0009156090249515889
2022-09-27,-0.003621588221712678
2022-09-28,-0.004859110054712856
2022-09-29,-0.007366663045897177
2022-09-30,8.764540011931086e-05
2022-09-30,-0.0003583779189633669
2022-10-03,-0.0026290738809594556
2022-10-04,-0.0028078126966361886
2022-10-05,-0.007515081842451733
2022-10-06,-0.009972044627232265
2022-10-07,-0.0024364248382621
2022-10-07,0.0018038604579895885
2022-10-10,-0.0002943868126584442
2022-10-11,-0.0009520042652234556
2022-10-12,-0.004442342591970699
2022-10-13,0.0061357065969798105
2022-10-14,-0.0020001263077018116
2022-10-14,0.002300517848491811
2022-10-17,-0.002126907759797322
2022-10-18,-0.003982218145484266
2022-10-19,0.0038871167219448667
2022-10-20,0.0042242274313567885
2022-10-21,-0.0018836630430927217
2022-10-21,0.00315521286258001
2022-10-24,-0.004155735309861778
2022-10-25,0.0011742217563372778
2022-10-26,0.007124189247503666
2022-10-27,0.006469098791574389
2022-10-28,-0.0052918604992211096
2022-10-28,-0.002410040960660667
2022-10-31,-0.0021081529303834997
2022-11-01,-0.0023786306775699997
2022-11-02,-0.002615772764786922
2022-11-03,-0.005693196934214374
2022-11-04,-0.0029679225730078777
2022-11-04,-0.0016510083461764669
2022-11-07,0.00576034292812861
2022-11-08,-0.0018046223179200664
2022-11-09,-0.0038684616975101223
2022-11-10,-0.008058198998914488
2022-11-11,0.005861925854735522
2022-11-11,0.0031980244373236663
2022-11-14,0.0008341797953922776
2022-11-15,0.001273770170018122
2022-11-16,-0.000792446201685733
2022-11-17,-0.0030321848022536557
2022-11-18,-0.0009002435417293777
2022-11-18,0.00034776656245459993
2022-11-21,-0.0007814095349516223
2022-11-22,0.0017766441011984556
2022-11-23,0.0012657479081011331
2022-11-24,0.0
2022-11-25,-0.0014820154633491001
2022-11-25,-0.0009990815857279665
2022-11-28,0.002154337653176089
2022-11-29,-0.004832539415748977
2022-11-30,0.007835785294161166
2022-12-01,0.001706445659242811
2022-12-02,-0.0003107308041104778
2022-12-02,-0.00014854314710470003
2022-12-05,0.003615200429193467
2022-12-06,0.0025158197117090553
2022-12-07,0.00020418352397899998
2022-12-08,0.0030622923296467217
2022-12-09,0.0016088964054044555
2022-12-09,0.001142100061732089
2022-12-12,3.326081685261096e-05
2022-12-13,-0.0007242044537729334
2022-12-14,0.0013032744705980112
2022-12-15,-0.0023143753369255777
2022-12-16,-0.002494870018326844
2022-12-16,0.0019054472023228007
2022-12-19,-0.002363901287026166
2022-12-20,0.0023062677184471437
2022-12-21,-0.0017858966051885665
2022-12-22,0.0008673303466425585
2022-12-23,-0.00026077942670241867
2022-12-23,0.00040603823964250365
2022-12-26,0.0
2022-12-27,0.0022951625239132443
2022-12-28,-0.0010635495443573554
2022-12-29,-0.0006173933661247887
2022-12-30,-0.0021030394154122
2022-12-30,-0.0015694658204801555
2023-01-02,0.0
2023-01-03,1.6549329098578027e-05
2023-01-04,0.00018805553272272231
2023-01-05,-0.002239727215543311
2023-01-06,0.0012707035177736891
2023-01-06,0.004282725423890267
2023-01-09,-0.001534684830526599
2023-01-10,-0.0017646847150891553
2023-01-11,0.003075722183914911
2023-01-12,-0.002128286144695333
2023-01-13,-0.0014737563763929555
2023-01-13,-0.0011174713832314779
2023-01-16,0.0
2023-01-17,-0.0005846327661557333
2023-01-18,-0.002736389680376055
2023-01-19,0.0017988081571368667
2023-01-20,-0.0026008582904513554
2023-01-20,0.0020687666814701664
2023-01-23,-0.0002052441306627669
2023-01-24,-0.002327526793535433
2023-01-25,0.0024431063284014553
2023-01-26,0.004204651462080066
2023-01-27,-0.0021809752491352224
2023-01-27,0.00617786023100411
2023-01-30,-0.00032310393680621126
2023-01-31,0.00048015509803041106
2023-02-01,0.003737399678726589
2023-02-02,0.014517629975822843
2023-02-03,-0.00570414853205351
2023-02-03,-0.0009373571088664446
2023-02-06,-0.0009827066456085333
2023-02-07,-0.004148393589711989
2023-02-08,0.002467205570839867
2023-02-09,-0.0007409406748243445
2023-02-10,-0.0050781596210058046
2023-02-10,-0.004497577959726495
2023-02-13,0.0005883331951271223
2023-02-14,0.0039493984064017
2023-02-15,0.0013789335151711826
2023-02-16,-0.0013246887495891666
2023-02-17,-0.0014262332162560888
2023-02-17,0.0024698850347212
2023-02-20,0.0
2023-02-21,-0.0013254025771007889
2023-02-22,-0.0004403750595932776
2023-02-23,-1.0837040040224369e-05
2023-02-24,-0.0032157785796017
2023-02-24,-2.40271378105332e-05
2023-02-27,-0.0013278456357652092
2023-02-28,0.0003948826963585222
2023-03-01,-0.004047996594585434
2023-03-02,0.0026229219705499436
2023-03-03,0.0013474839234590774
2023-03-03,-4.480892451848902e-05
2023-03-06,-0.000927352780357233
2023-03-07,-0.004101671438021777
2023-03-08,0.0002682599227612001
2023-03-09,-0.0009457717810892666
2023-03-10,-0.0024962974577581666
2023-03-10,-0.00014477410897262202
2023-03-13,0.00848924859520861
2023-03-14,0.0004726856185200001
2023-03-15,0.009807346195134133
2023-03-16,-0.00010561982901425557
2023-03-17,0.0046203555048946
2023-03-17,0.004509172595889467
2023-03-20,-0.003650536715926944
2023-03-21,-0.0012907291399600262
2023-03-22,0.0030073835457301665
2023-03-23,0.005190491934309333
2023-03-24,-0.0028390673564527335
2023-03-24,-0.008455099178648845
2023-03-27,-0.0017831380207633887
2023-03-28,-0.0004490276476336778
2023-03-29,-0.0010643098528467223
2023-03-30,-0.0007071574643274443
2023-03-31,-7.274948994784422e-05
2023-03-31,-1.6766939093744427e-05
2023-04-03,-0.005623728844354756
2023-04-04,0.004879423016966922
2023-04-05,0.002871302254996878
2023-04-06,0.003191206317778722
2023-04-07,0.0
2023-04-07,0.0
2023-04-10,-0.001464201157584911
2023-04-11,-0.0023220428428119997
2023-04-12,-0.0016445877585947552
2023-04-13,0.0026709814188160775
2023-04-14,0.0012496011119781554
2023-04-14,-0.0012308460879582558
2023-04-17,-0.0014818765037163443
2023-04-18,-0.000295773630151111
2023-04-19,-0.0008212536013126667
2023-04-20,-0.0016209341142230669
2023-04-21,-0.00036188077185089995
2023-04-21,0.0001805592622076555
2023-04-24,0.0007680445370156667
2023-04-25,0.001579715020332733
2023-04-26,0.0009462986058578681
2023-04-27,-0.0014965108304327002
2023-04-28,-0.00019945953066859726
2023-04-28,-0.002192866212629186
2023-05-01,-0.0010983788272355445
2023-05-02,0.003677232228494522
2023-05-03,0.0001358602020627444
2023-05-04,0.0040151465453809885
2023-05-05,-0.0004163194106285667
2023-05-05,-0.001774801186102722
2023-05-08,-0.0020104606637665443
2023-05-09,-0.0004929440329912
2023-05-10,0.0033237321299116663
2023-05-11,-0.0009937711492724142
2023-05-12,0.0010250523758330889
2023-05-12,-0.0002068617326897333
2023-05-15,-0.0025171770129783335
2023-05-16,0.0027997816047005217
2023-05-17,-0.003472113845701978
2023-05-18,0.0007688871285528222
2023-05-19,-0.001193414237896322
2023-05-19,-0.0007511931325253778
2023-05-22,-0.002461533030944215
2023-05-23,0.0001531348016818111
2023-05-24,-0.0013303942947958888
2023-05-25,0.0012513418832893666
2023-05-26,0.0018163883046521554
2023-05-26,0.0013941666116395108
2023-05-29,0.0
2023-05-30,-0.0009330035477206221
2023-05-31,-0.0009431952374444887
2023-06-01,-0.0010545448180870663
2023-06-02,-0.0017233976789673895
2023-06-02,-0.005442089755144933
2023-06-05,0.0011504582378586226
2023-06-06,0.00015710428399672233
2023-06-07,-0.005026119262273633
2023-06-08,0.001880525341140978
2023-06-09,0.0008634804012755666
2023-06-09,0.0017243668983481664
2023-06-12,0.002994729922491699
2023-06-13,-0.0013743227069792554
2023-06-14,0.0007876757521629333
2023-06-15,0.001054491213309611
2023-06-16,9.85814053350003e-05
2023-06-16,-0.00044550826847534423
2023-06-19,0.0
2023-06-20,0.002303498362395944
2023-06-21,-0.003060420278491133
2023-06-22,0.0039827575043782995
2023-06-23,-0.0007301412015403
2023-06-23,-0.0016558210109073109
2023-06-26,-0.0036153175203744673
2023-06-27,0.0016132659587654
2023-06-28,-0.0020165423752752524
2023-06-29,-0.0041601275569246665
2023-06-30,0.0012161873077765999
2023-06-30,0.0004931282335804111
2023-07-03,-9.9473728358156e-05
2023-07-04,0.0
2023-07-05,-0.0017297419365720444
2023-07-06,9.128893953658885e-05
2023-07-07,-0.0005280142394044778
2023-07-07,-0.004406400270604556
2023-07-10,-0.0035009535838581222
2023-07-11,-0.001725446031747544
2023-07-12,0.002405481067996089
2023-07-13,0.0030894458090031662
2023-07-14,0.002380138211655167
2023-07-14,0.004176005977416056
2023-07-17,-0.0006266930852172666
2023-07-18,-0.0028072276525312884
2023-07-19,8.126863788682226e-05
2023-07-20,-0.008465998431758432
2023-07-21,0.0003785464948869112
2023-07-21,0.0018850118081667109
2023-07-24,-0.0029548443777248556
2023-07-25,0.0009191157684165333
2023-07-26,-0.002523383361851448
2023-07-27,-0.0002508034242367223
2023-07-28,-0.0008938887239893333
2023-07-28,-0.001307794615825822
2023-07-31,0.0009597039112685776
2023-08-01,-0.0022201132558384777
2023-08-02,0.0022911609871219666
2023-08-03,-0.0025425970919844883
2023-08-04,-0.0009759439589129666
2023-08-04,0.0007947614850451555
2023-08-07,-0.0020214390353894443
2023-08-08,-0.0012776261822882997
2023-08-09,-0.0022108309754254336
2023-08-10,0.0010259536608079557
2023-08-11,-0.0026273338977530333
2023-08-11,-0.0025660317561437217
2023-08-14,0.00017689362010798906
2023-08-15,0.0005550789661015444
2023-08-16,0.0007897186478226556
2023-08-17,-0.0013406735887355557
2023-08-18,-0.00031211317166682435
2023-08-18,0.0013412665113233778
2023-08-21,-0.004182684747910656
2023-08-22,-0.0012114089445041775
2023-08-23,-0.0015524505555065667
2023-08-24,0.003582775159305566
2023-08-25,0.00011514818305223331
2023-08-25,-0.0003045432566220333
2023-08-28,-0.0005513543673222321
2023-08-29,0.0016447978837708997
2023-08-30,-0.0004297143481693639
2023-08-31,-0.0004746105922054664
2023-09-01,-0.004159113545895933
2023-09-01,-0.004798359681103232
2023-09-04,0.0
2023-09-05,0.003519298965251278
2023-09-06,-0.0004953154944217
2023-09-07,-0.0010714831364357779
2023-09-08,-0.00017277973743048887
2023-09-08,-0.00035321972772295546
2023-09-11,0.005395975729241522
2023-09-12,-0.006509072370313245
2023-09-13,0.002964337255575133
2023-09-14,-0.0009694289725721333
2023-09-15,-0.0009039318515379888
2023-09-15,-0.0011333354621165333
2023-09-18,0.0004894366339724108
2023-09-19,-0.0002910873777193777
2023-09-20,1.401697770443336e-05
2023-09-21,-3.8573411000477655e-05
2023-09-22,0.0012453113501173555
2023-09-22,0.0009886584247838556
2023-09-25,-0.001347510407147911
2023-09-26,0.00016759381262535558
2023-09-27,-0.0006590006923191778
2023-09-28,0.000873173785369811
2023-09-29,0.002812980096966078
2023-09-29,0.000980431544992711
2023-10-02,-0.006064297006617288
2023-10-03,0.002001180685557327
2023-10-04,-0.0004978281127769222
2023-10-05,-0.0013843919723451666
2023-10-06,-0.00035196586215335574
2023-10-06,-0.00026123758065632217
2023-10-09,-0.0011346630666031554
2023-10-10,-0.0006534940012401112
2023-10-11,0.0015649762934816889
2023-10-12,0.0010308808435548445
2023-10-13,-0.0037689731575728438
2023-10-13,-0.005583878711581022
2023-10-16,0.00032293932159916663
2023-10-17,-0.0018910626833844885
2023-10-18,-0.0005195992744698996
2023-10-19,0.00013617938587261112
2023-10-20,0.001524833292809133
2023-10-20,-0.001578420106666633
2023-10-23,-0.0037184599284286776
2023-10-24,0.0010861556729939888
2023-10-25,0.0022022939290103445
2023-10-26,0.004600254890836244
2023-10-27,-0.005198019269688266
2023-10-27,-0.0004537165942296558
2023-10-30,-0.0014201753216947777
2023-10-31,7.106265208835563e-05
2023-11-01,0.0028748336813900666
2023-11-02,-0.0006696542103876889
2023-11-03,-0.0015326101310743888
2023-11-03,-0.0010475524195994333
2023-11-06,0.0018272845195870554
2023-11-07,-0.0001243445386945444
2023-11-08,-0.00038325367307472205
2023-11-09,-0.0020321799019370336
2023-11-10,0.0005117261861216777
2023-11-10,0.0005259410977097223
2023-11-13,-0.0029124840500168443
2023-11-14,0.002328123596247033
2023-11-15,-0.00038063651017056666
2023-11-16,0.0032879194824675
2023-11-17,-0.003608830218001611
2023-11-17,-0.001582426201567989
2023-11-20,0.0009554872799357555
2023-11-21,-0.0001885939870197778
2023-11-22,0.001091062282363111
2023-11-23,0.0
2023-11-24,-0.0012425614927371
2023-11-24,-0.0014113574560005108
2023-11-27,0.0009568191787299552
2023-11-28,0.001057566772724611
2023-11-29,-0.001951215452796933
2023-11-30,-0.0033877259123453224
2023-12-01,-0.0015867613790141555
2023-12-01,-0.0018870563184235443
2023-12-04,-0.0018105732682537111
2023-12-05,0.003766497643995834
2023-12-06,0.001134698636044589
2023-12-07,0.003809291418765889
2023-12-08,-0.0006715567406577668
2023-12-08,-0.0006715567406577668
2023-12-11,-0.0019259604209005442
2023-12-12,0.001219787245071711
2023-12-13,-0.002754794115616422
2023-12-14,-0.004484154632512656
2023-12-15,0.002578991115433811
2023-12-15,0.0011156178106137003
2023-12-18,-0.0007942937885720663
2023-12-19,-0.00015576848853660015
2023-12-20,0.0006886059252208337
2023-12-21,-0.0012411415078879776
2023-12-22,-0.0008095486175098445
2023-12-22,-0.00024236332461656664
2023-12-25,0.0
2023-12-26,0.00011393512581122636
2023-12-27,0.00015133829890289993
2023-12-28,0.0026817516931449
2023-12-29,-0.0010684398392047999
2023-12-29,0.00013141234715649997
2024-01-01,0.0
2024-01-02,-0.0005734903151518443
2024-01-03,0.0001130278046449889
2024-01-04,0.0010502083072991533
2024-01-05,0.00018414945986770882
2024-01-05,0.0007575983452789866
2024-01-08,0.0038546607171880617
2024-01-09,0.0010059595250547445
2024-01-10,0.002239957972362568
2024-01-11,-0.0023585434217258667
2024-01-12,-0.0001118137872241666
2024-01-12,-0.0015487532566863444
2024-01-15,0.0
2024-01-16,0.004491196885660532
2024-01-17,0.0003439267379249133
2024-01-18,0.0016802663119138556
2024-01-19,0.0007762700329583506
2024-01-19,0.0007762700329583506
2024-01-22,-0.0018342786955947888
2024-01-23,0.0006050435512995215
2024-01-24,-0.0004327921026931554
2024-01-25,-0.0038702912796207884
2024-01-26,-0.0013127530847814113
2024-01-26,0.0002774930605119667
2024-01-29,-0.0011535829079252443
2024-01-30,0.0015069795174957558
2024-01-31,-0.0011894398717370777
2024-02-01,-0.0025565063113362446
2024-02-02,0.00029993359357206634
2024-02-02,0.0002720504537558222
2024-02-05,0.00029330445804720854
2024-02-06,-0.002918088734391466
2024-02-07,0.00044590655077182727
2024-02-08,-0.0009937287965727998
2024-02-09,0.003666938578523349
2024-02-09,0.0024801595683343557
2024-02-12,0.00029806910861148914
2024-02-13,-0.0018998542947724
2024-02-14,-0.0008153493320171557
2024-02-15,0.0017751669485883336
2024-02-16,-0.00022580609908927796
2024-02-16,-0.0015327620151129
2024-02-19,0.0
2024-02-20,0.0005502789006932333
2024-02-21,-0.002260520101282333
2024-02-22,0.0006373378886860444
2024-02-23,-0.00018173964130295577
2024-02-23,-0.001348735048875056
2024-02-26,-0.00032555990269249996
2024-02-27,0.0013520262396116334
2024-02-28,-0.0008993955757958221
2024-02-29,0.0016680956058867664
2024-03-01,-3.903370525473336e-05
2024-03-01,0.0008593245166747222
2024-03-04,-0.00021992254269581103
2024-03-05,0.0016181642255943675
2024-03-06,-0.0001529015243042778
2024-03-07,0.0017691866565402886
2024-03-08,0.0012823681547684004
2024-03-08,-0.0007446425281007115
2024-03-11,-0.0008171003408582666
2024-03-12,0.0010481482887119
2024-03-13,-0.0024362090186320663
2024-03-14,0.000852825269764878
2024-03-15,-0.002412120064912
2024-03-15,-0.001571239831839922
2024-03-18,0.001959074009487489
2024-03-19,-0.001014528631558889
2024-03-20,-0.00021371239331085553
2024-03-21,-0.002382368098705589
2024-03-22,0.0023319630875811887
2024-03-22,0.002412805570717844
2024-03-25,-0.00034550134921084444
2024-03-26,-0.0009813487105259369
2024-03-27,-0.000299990918239211
2024-03-28,-0.0014691895847144555
2024-03-29,0.0
2024-03-29,0.0
2024-04-01,0.0012130075575110888
2024-04-02,-0.001202262431547833
2024-04-03,-0.0005997240638872445
2024-04-04,-0.0005870543963464997
2024-04-05,-0.0015664897806236195
2024-04-05,0.0003446448687502554
2024-04-08,-0.0001879329745912221
2024-04-09,0.0004140741973670335
2024-04-10,-0.001875146137178022
2024-04-11,-0.0033204146158451776
2024-04-12,-0.0009698629861224333
2024-04-12,0.0007934374976373333
2024-04-15,-0.0013872399186162445
2024-04-16,0.0013345300604884333
2024-04-17,-0.0008756696584518772
2024-04-18,-0.0008195789695190889
2024-04-19,-0.006041518977235967
2024-04-19,-0.0018535182466119771
2024-04-22,-1.0332760209966858e-05
2024-04-23,0.0002177574357892111
2024-04-24,0.0009934732550106666
2024-04-25,-0.004791135184478733
2024-04-26,0.0028238825498781445
2024-04-26,0.004621992196174788
2024-04-29,-0.0021980505102644444
2024-04-30,0.0008323635783816888
2024-05-01,0.0027227128218947332
2024-05-02,-0.00023808886322987366
2024-05-03,0.0027718264025034553
2024-05-03,0.0034475500523972772
2024-05-06,-0.0013662784836870887
2024-05-07,0.0015489803053577444
2024-05-08,0.0008767693648458796
2024-05-09,-0.0007454664243021333
2024-05-10,0.0010584077505806444
2024-05-10,0.0010584077505806444
2024-05-13,0.001427429619470765
2024-05-14,0.00045168667616868883
2024-05-15,0.0026046515046967674
2024-05-16,0.0017536496908963555
2024-05-17,-0.0028986862991637156
2024-05-17,-0.002426476491762256
2024-05-20,0.0033510955538984554
2024-05-21,0.0002600842249825889
2024-05-22,0.003389156173668944
2024-05-23,0.0009397310583224663
2024-05-24,0.00017844002913245302
2024-05-24,0.0014507007411807776
2024-05-27,0.0
2024-05-28,-0.0013539666698870886
2024-05-29,-0.0006966896834730775
2024-05-30,0.0024042685835659666
2024-05-31,-0.00015452946217881132
2024-05-31,0.0044607594885240215
2024-06-03,-0.0016779664969514222
2024-06-04,-0.0015434417326687885
2024-06-05,-0.0018660954171164554
2024-06-06,-0.001169459268771089
2024-06-07,-0.0014495119059872892
2024-06-07,-0.0009861274980765664
2024-06-10,-0.00023831008200789997
2024-06-11,0.003791200820520211
2024-06-12,0.002562245499073522
2024-06-13,0.001559008858072
2024-06-14,0.002115567102948055
2024-06-14,-2.207076388878915e-05
2024-06-17,-0.0025029770964048663
2024-06-18,-0.0017674975357650682
2024-06-19,0.0
2024-06-20,0.0015144227277333441
2024-06-21,0.00018626418909647806
2024-06-21,-0.0010967166524186774
2024-06-24,-0.002425092165308322
2024-06-25,0.0031066048042174225
2024-06-26,-0.001519496028665589
2024-06-27,-0.0004967470616803888
2024-06-28,-0.0008318052770995666
2024-06-28,-9.954781574090014e-05
2024-07-01,-0.001696695752132678
2024-07-02,-0.0012880279615077443
2024-07-03,0.0007681627317552889
2024-07-04,0.0
2024-07-05,-0.00013392252193766688
2024-07-05,0.003164850601446289
2024-07-08,0.00032125787101982195
2024-07-09,0.0022064603012196776
2024-07-10,-0.0008263545670107001
2024-07-11,-0.006346035533936978
2024-07-12,-0.0004365462944308778
2024-07-12,-0.0007374157952428888
2024-07-15,-0.002797128116445922
2024-07-16,-0.0038189420827354553
2024-07-17,-0.005331078321429368
2024-07-18,0.0008703347808405662
2024-07-19,0.0004816770811886667
2024-07-19,-0.0008234948398873239
2024-07-22,0.0004962766468923555
2024-07-23,0.0004062501331905221
2024-07-24,-0.0031767357521934334
2024-07-25,-0.0012459484393653108
2024-07-26,-0.000705857467996411
2024-07-26,-0.0011208910923120668
2024-07-29,0.0011269088652815888
2024-07-30,-0.0028891396516468326
2024-07-31,0.004953674304755077
2024-08-01,0.0027347893975768218
2024-08-02,0.002974599773364522
2024-08-02,5.241134655815542e-05
2024-08-05,-0.00014574744354032223
2024-08-06,-0.0032017053408872993
2024-08-07,-0.0030843652992497217
2024-08-08,0.0025213045075016217
2024-08-09,-0.00018706872481565555
2024-08-09,-5.4847249961155465e-05
2024-08-12,-0.0017958509977906221
2024-08-13,-0.0005540756732132107
2024-08-14,0.0002077453443836222
2024-08-15,-0.002779386975822633
2024-08-16,0.0009234230295694777
2024-08-16,0.0009879157703867334
2024-08-19,0.0009101693563821554
2024-08-20,0.0022194766425857443
2024-08-21,0.0005731445967044776
2024-08-22,-0.0030774922639148555
2024-08-23,-0.0012684668196876778
2024-08-23,-0.0013400706137122998
2024-08-26,7.096846176366661e-05
2024-08-27,0.0009282232328536777
2024-08-28,0.0005458390608390556
2024-08-29,-0.0017048883253500996
2024-08-30,0.0011501381887394665
2024-08-30,-0.00013308925098942228
2024-09-02,0.0
2024-09-03,-9.189568350383354e-05
2024-09-04,0.0015471348915973553
2024-09-05,0.0033965201472866326
2024-09-06,-0.001167993077063148
2024-09-06,-4.368228363108129e-05
2024-09-09,-0.0004968846713807998
2024-09-10,0.005524722310021366
2024-09-11,0.005108339831815666
2024-09-12,-0.0005926542575855777
2024-09-13,0.0002414735678606001
2024-09-13,0.000826900663900722
2024-09-16,-0.0017830052429856223
2024-09-17,-0.0030271869027967665
2024-09-18,-0.0015601266203958887
2024-09-19,-0.001262116113047022
2024-09-20,0.0037595065176915
2024-09-20,0.0016079934937600223
2024-09-23,0.0011686515473633779
2024-09-24,0.0010992778089967
2024-09-25,-0.00022098767455156653
2024-09-26,0.00010155231601239982
2024-09-27,0.001423248837512411
2024-09-27,-0.0016954736662652778
2024-09-30,0.0007907844604595666
2024-10-01,-0.0027427753413156683
2024-10-02,-0.0013753191427202775
2024-10-03,-0.002479076050125878
2024-10-04,-0.002906241665922578
2024-10-04,3.7725934116744414e-05
2024-10-07,-0.0026267066122482334
2024-10-08,0.003221829053508833
2024-10-09,-0.0001556890614765221
2024-10-10,-0.0008421203879732667
2024-10-11,0.002786787550202911
2024-10-11,-0.003875777953841322
2024-10-14,-0.00020446033347457776
2024-10-15,0.00045271496896984447
2024-10-16,-0.0018535660550893446
2024-10-17,0.0006369750093144777
2024-10-18,0.0003724000115584888
2024-10-18,0.0010342848152415666
2024-10-21,-0.0014646166710144447
2024-10-22,-9.611853437248882e-05
2024-10-23,0.0037029561194323103
2024-10-24,-0.004311403685036522
2024-10-25,-0.002375567627648733
2024-10-25,0.0011263892182115998
2024-10-28,-0.0003311143397738889
2024-10-29,0.0015415857680302885
2024-10-30,-0.0019794976723816003
2024-10-31,-0.001401936237115889
2024-11-01,0.000999635493576678
2024-11-01,-0.0031162498315880664
2024-11-04,0.002109312524372578
2024-11-05,-0.001099519831495689
2024-11-06,0.006549226500007755
2024-11-07,-0.00559317792169731
2024-11-08,0.0004299000458555558
2024-11-08,-0.002704286467157322
2024-11-11,0.0003251776370851885
2024-11-12,0.002444064343766656
2024-11-13,0.0005322990422226458
2024-11-14,0.0027516028791705663
2024-11-15,-0.001953885674083533
2024-11-15,0.0022574660723376112
2024-11-18,0.0017406883366338224
2024-11-19,-0.0005140727241905111
2024-11-20,-0.00016300205617008896
2024-11-21,0.00027968386497931113
2024-11-22,0.001202640801266011
2024-11-22,-0.0039062435770735883
2024-11-25,0.0013677804004770004
2024-11-26,0.0022584518567008334
2024-11-27,-0.0008847714444648444
2024-11-28,0.0
2024-11-29,5.791094760313338e-05
2024-11-29,5.791094760313343e-05
2024-12-02,0.0025844024834041223
2024-12-03,0.0018547005215128446
2024-12-04,0.004550784889393367
2024-12-05,0.00019962082835526667
2024-12-06,0.002163006335246333
2024-12-06,0.005565856621878778
2024-12-09,-0.0011853028575090443
2024-12-10,0.0034357206130643443
2024-12-11,0.004076226579494455
2024-12-12,0.0009135501941581392
2024-12-13,0.0007322221690432777
2024-12-13,0.0002875876115783646
2024-12-16,0.006259897749949367
2024-12-17,0.0012634750360246334
2024-12-18,0.0016073848497022442
2024-12-19,0.0011259785510372776
2024-12-20,-0.003118964002686888
2024-12-20,-0.0024174718999367337
2024-12-23,0.00030142942351032206
2024-12-24,0.00047024659010303323
2024-12-25,0.0
2024-12-26,-0.00025694859243746666
2024-12-27,-0.0013838686328215585
2024-12-27,-0.0002901795045234249
2024-12-30,-0.0017595350052022445
2024-12-31,-0.0007776403884552223
2025-01-01,0.0
2025-01-02,-0.0010830337283296776
2025-01-03,-0.00042723590041192225
2025-01-03,8.187949949321107e-05
2025-01-06,0.003885165928095532
2025-01-07,-0.0015899769469908775
2025-01-08,-0.0019434580007388997
2025-01-09,0.0
2025-01-10,0.0018343653546851444
2025-01-10,-0.0004619484943877888
2025-01-13,-0.006554806269988833
2025-01-14,-0.0025745712699460775
2025-01-15,-0.00046789278158805553
2025-01-16,-0.0014697337375827778
2025-01-17,-0.00012487079765499752
2025-01-17,0.0004594717434792775
2025-01-20,0.0
2025-01-21,0.002348215255382844
2025-01-22,-0.0041740837726812335
2025-01-23,0.0005459817854072335
2025-01-24,0.0024367942849578
2025-01-24,0.0005029632353093221
2025-01-27,-0.007276372223529877
2025-01-28,0.0014243203663297883
2025-01-29,0.0007010783925714112
2025-01-30,4.9855992930710434e-05
2025-01-31,-0.0005829217721011776
2025-01-31,0.0021410873983992553
2025-02-03,0.0003449031566112998
2025-02-04,-0.002371199354442833
2025-02-05,0.0018944258727821106
2025-02-06,0.0013245946835246441
2025-02-07,-0.00045171274788291115
2025-02-07,0.001141641254131489
2025-02-10,-0.0005172229923668663
2025-02-11,0.0011199649884418334
2025-02-12,0.0030827484158252776
2025-02-13,0.00044738802151950065
2025-02-14,0.0004712695904217444
2025-02-14,0.0004712695904217444
2025-02-17,0.0
2025-02-18,-0.0005534841215617335
2025-02-19,-0.00021063884109106675
2025-02-20,-0.0002017101992654556
2025-02-21,0.003212652526245122
2025-02-21,0.0024956261131649665
2025-02-24,-0.0017069994113619999
2025-02-25,-0.002347468454289133
2025-02-26,0.0022567337984454
2025-02-27,-0.007620233114312133
2025-02-28,-0.0014731503754042221
2025-02-28,0.0004725215946586555
2025-03-03,0.007157655629759289
2025-03-04,-0.00022866648648902223
2025-03-05,0.0007381857494919888
2025-03-06,-0.0041950961251319
2025-03-07,0.00033308265755484473
2025-03-07,0.0014361472177679892
2025-03-10,0.0038612455570927115
2025-03-11,-0.0025458956664117668
2025-03-12,-0.0036385861613646773
2025-03-13,0.0011028653550084666
2025-03-14,0.00041034337391188884
2025-03-14,0.0005806628492233333
2025-03-17,0.0023873205075881443
2025-03-18,-0.00038539552921792227
2025-03-19,-0.0010689348886246443
2025-03-20,-0.0002804898991842111
2025-03-21,-0.002691003317908844
2025-03-21,-0.0031839554203400003
2025-03-24,-0.0036940023542031126
2025-03-25,-0.002334364584837651
2025-03-26,0.004112406127504233
2025-03-27,-9.170986873825553e-05
2025-03-28,0.0030644707897618
2025-03-28,0.005327728573376499
2025-03-31,0.0026405825252805554
2025-04-01,-0.0007222415251592111
2025-04-02,-0.0007796545569169335
2025-04-03,0.0023827483008745888
2025-04-04,-0.007484653259702199
2025-04-04,0.009033599420530055
2025-04-07,0.001749208525357422
2025-04-08,-0.00039227886032002217
2025-04-09,-0.002199265770260611
2025-04-10,0.0031692642865369107
2025-04-11,-0.0025413967830188334
2025-04-11,-0.005002082029277155
2025-04-14,-0.0023424625000200774
2025-04-15,0.0008918827622915664
2025-04-16,-0.0041360881726223665
2025-04-17,-0.001551623125745122
2025-04-18,0.0
2025-04-18,0.0
2025-04-21,-0.0015886141060316888
2025-04-22,0.0013899338108833746
2025-04-23,0.001944399923299733
2025-04-24,9.123496824875541e-05
2025-04-25,0.0010669212492474334
2025-04-25,-0.002942937521036422
2025-04-28,0.0009436311704848331
2025-04-29,0.0007448976304987999
2025-04-30,-0.002919946839318155
2025-05-01,-0.001837993275036033
2025-05-02,0.0006016603853153887
2025-05-02,-0.001420055636105344
2025-05-05,0.0023133516800520667
2025-05-06,0.0023737012024306775
2025-05-07,0.0011206111495539889
2025-05-08,-0.004226727257817622
2025-05-09,-0.001975650733745444
2025-05-09,-0.0007393160647690552
2025-05-12,-0.005990508777299722
2025-05-13,-0.0053605113164817446
2025-05-14,-0.0022627561640110997
2025-05-15,0.0059702417871042
2025-05-16,0.004105868962451456
2025-05-16,0.004082194716757222
2025-05-19,0.0021658813270079556
2025-05-20,0.0015941678484130556
2025-05-21,-0.003627035229078511
2025-05-22,-0.003309243566606633
2025-05-23,0.002547360428506989
2025-05-23,0.0026557828979971885
2025-05-26,0.0
2025-05-27,-0.0001800429938784111
2025-05-28,-0.0017624210322810553
2025-05-29,0.0017393661118845663
2025-05-30,0.001827638780131322
2025-05-30,0.0035668432907211226
2025-06-02,-0.00014323711224384426
2025-06-03,-0.002108927162011489
2025-06-04,-1.4881491218400166e-05
2025-06-05,0.000982017639766744
2025-06-06,-0.0017402368527344111
2025-06-06,-0.00014278963101950004
2025-06-09,-0.001545516309192278
2025-06-10,-0.0013928635198564665
2025-06-11,-0.00022829763255341115
2025-06-12,0.0028268822795792
2025-06-13,-0.0022303873742835667
2025-06-13,-0.002798151289413267
2025-06-16,0.0015815341584772108
2025-06-17,-0.0016222323818300079
2025-06-18,0.0017910312606526442
2025-06-19,0.0
2025-06-20,-0.0012606445136247669
2025-06-20,-0.0007825358805616779
2025-06-23,0.0006176011670689222
2025-06-24,0.0006896062965992591
2025-06-25,0.001760743118441611
2025-06-26,0.0008805872505793109
2025-06-27,-0.0004641901720646253
2025-06-27,0.0005177912980993966
2025-06-30,0.00024064296489103323
2025-07-01,0.0025219197824771114
2025-07-02,0.0003234981163861556
2025-07-03,0.0003486092799028889
2025-07-04,0.0
2025-07-04,0.0
2025-07-07,0.0005636209869508667
2025-07-08,-0.005624351840474878
2025-07-09,0.0015292052553921667
