Date,0
2019-05-20,-0.011514871401353911
2019-05-21,0.001791704038096609
2019-05-22,0.004710777238846671
2019-05-23,0.01014758375967759
2019-05-24,-0.0011929442368327152
2019-05-28,-0.0059593964194159955
2019-05-29,-0.004646172411719755
2019-05-30,0.0037890686493771875
2019-05-31,0.00041912206037210756
2019-06-03,-0.01249407279561316
2019-06-04,-0.0025819331504372115
2019-06-05,0.01753166280308375
2019-06-06,-0.0023184425847614415
2019-06-07,-0.0005199698451883014
2019-06-10,-0.0009852744137309494
2019-06-11,-0.004021824638547218
2019-06-12,0.005450818845702979
2019-06-13,0.0005155674151021139
2019-06-14,-0.002957222734084994
2019-06-17,0.0008861287942483855
2019-06-18,-0.00269892875846614
2019-06-19,-0.0012062460056310328
2019-06-20,0.002560348625358915
2019-06-21,0.004556841656047325
2019-06-24,-0.0004312481113189436
2019-06-25,-0.0031487354446335996
2019-06-26,-0.02165902956510815
2019-06-27,0.004565758647202077
2019-06-28,-0.005630630704755417
2019-07-01,-0.0026037059229483102
2019-07-02,0.012865878255223962
2019-07-03,0.002417661830725511
2019-07-05,-2.426073435372422e-05
2019-07-08,0.002910324059992985
2019-07-09,-0.0020230252333457263
2019-07-10,0.007970667538406528
2019-07-11,-7.551905051339015e-05
2019-07-12,-0.0003791666003950332
2019-07-15,0.005665167878933692
2019-07-16,0.0010304835303630976
2019-07-17,0.008974294004329971
2019-07-18,0.0051628007333962
2019-07-19,-0.0030298592813846332
2019-07-22,0.002788911259848997
2019-07-23,-0.006025973469973641
2019-07-24,-4.655698660142205e-05
2019-07-25,-0.0002216013411661603
2019-07-26,0.004425648842619962
2019-07-29,-0.0024275879588115095
2019-07-30,-0.0095496111461519
2019-07-31,0.0021863344150759704
2019-08-01,-0.004640211144497689
2019-08-02,-0.0030425506452614725
2019-08-05,-0.003079641784972406
2019-08-06,-0.0017563308146652705
2019-08-07,-0.005840974652758149
2019-08-08,0.002577847539103796
2019-08-09,-0.003156671513743387
2019-08-12,0.0018490615983999931
2019-08-13,-0.001259367391522998
2019-08-14,-0.001797168129246541
2019-08-15,0.0025436391463088278
2019-08-16,-0.0014688830347176765
2019-08-19,-0.0007694639999403262
2019-08-20,-0.005178431925011643
2019-08-21,-0.007918681891848512
2019-08-22,-0.003379873444872312
2019-08-23,-0.0007925075831345049
2019-08-26,-0.0008956450250338505
2019-08-27,0.003709238037189555
2019-08-28,-0.004231515608550743
2019-08-29,0.0004480874895981141
2019-08-30,-0.0027911203498767675
2019-09-03,0.011620393309277915
2019-09-04,-0.00023818118755242375
2019-09-05,-0.0073963540236985995
2019-09-06,-0.002653453864680546
2019-09-09,0.0008699879876777406
2019-09-10,-0.005495936983950808
2019-09-11,-0.0006031871816377114
2019-09-12,0.003324702534243683
2019-09-13,-0.002468083699763478
2019-09-16,0.004033904115465077
2019-09-17,0.008502792273894092
2019-09-18,0.001997062958138467
2019-09-19,0.003589420108972168
2019-09-20,0.00023314833347033844
2019-09-23,0.0005676539092338553
2019-09-24,0.0002124239187306135
2019-09-25,0.0035279964222773106
2019-09-26,0.0009296275796963447
2019-09-27,0.0022688958267560785
2019-09-30,-0.0035541910820428174
2019-10-01,0.0003066477489823728
2019-10-02,0.0004924091461631342
2019-10-03,0.0033956513220162934
2019-10-04,-0.0016003733933594383
2019-10-07,0.0026591291948211025
2019-10-08,0.005635300603607797
2019-10-09,-0.00033417735213813816
2019-10-10,-0.0009391103348938543
2019-10-11,-0.0029170577312254897
2019-10-14,-0.0021656764856464988
2019-10-15,0.000886023197607491
2019-10-16,0.005224800513124901
2019-10-17,-0.002068821192390328
2019-10-18,0.0033105057412145585
2019-10-21,0.0035560822577237836
2019-10-22,-0.00957415455830916
2019-10-23,-0.004041279107466962
2019-10-24,0.007107238580246405
2019-10-25,-0.008017605438003478
2019-10-28,-0.002129518501030354
2019-10-29,-0.00799342805146965
2019-10-30,0.010075392877269844
2019-10-31,-0.0005488175441583527
2019-11-01,-0.003236752717068473
2019-11-04,-0.013348256608246633
2019-11-05,-0.000448819057581568
2019-11-06,0.005759263391847893
2019-11-07,-0.00719934852155499
2019-11-08,0.001578986687388226
2019-11-11,0.00010572398460087918
2019-11-12,0.0013386497679160954
2019-11-13,0.01236063606292216
2019-11-14,0.002660473312476755
2019-11-15,0.008565571281262292
2019-11-18,0.008706854310924047
2019-11-19,0.0017228902391002554
2019-11-20,-0.00013645330500758075
2019-11-21,-0.015477057099885134
2019-11-22,-0.0012398299441819722
2019-11-25,-0.00012654131981217184
2019-11-26,0.007400455013777877
2019-11-27,0.0006061929131083515
2019-11-29,0.0013664317588058215
2019-12-02,-0.00038845424508117713
2019-12-03,-0.0032067607331387523
2019-12-04,-0.003123600519228959
2019-12-05,0.004980644412286123
2019-12-06,-0.0013777362285034606
2019-12-09,-0.0016282760007555533
2019-12-10,-0.004116955085780931
2019-12-11,0.002974693244248458
2019-12-12,-0.004738323030073309
2019-12-13,0.001552710528696942
2019-12-16,-0.0049802632163863285
2019-12-17,0.005015873592332117
2019-12-18,-0.006905675400299806
2019-12-19,-0.00205252127111831
2019-12-20,-0.0025330962026622497
2019-12-23,0.0028678578911541103
2019-12-24,-0.0013072701477758334
2019-12-26,-0.0030517605883748824
2019-12-27,0.00028024250688832595
2019-12-30,-0.0005292843847657452
2019-12-31,-0.0014454731520258033
2020-01-02,-0.002731643906190151
2020-01-03,-0.008927355222768427
2020-01-06,0.004870693801450697
2020-01-07,0.004194298677264022
2020-01-08,-0.0019352081491622567
2020-01-09,0.002573340081443914
2020-01-10,-0.004151166045933578
2020-01-13,0.004281963877031075
2020-01-14,-0.0010462063909205187
2020-01-15,0.004069561618210034
2020-01-16,-0.0013757996727164223
2020-01-17,0.00453967111260385
2020-01-21,0.01208463573857421
2020-01-22,0.003155022740194793
2020-01-23,0.009258292428651543
2020-01-24,0.0038299244981771755
2020-01-27,-0.000174815987307599
2020-01-28,0.0003169423491475289
2020-01-29,-0.001368182044683966
2020-01-30,0.011256779211324024
2020-01-31,-0.010477303432371897
2020-02-03,-0.015916527624013896
2020-02-04,-0.0032270433475322965
2020-02-05,0.0066575070540389044
2020-02-06,-0.004190485124073478
2020-02-07,0.004417492661020025
2020-02-10,0.0036592239256574683
2020-02-11,-0.0031322812987494186
2020-02-12,-0.002399085190119978
2020-02-13,0.005611648688017995
2020-02-14,0.007232447888715701
2020-02-18,0.0032162111927336477
2020-02-19,-0.009453303792202444
2020-02-20,0.004864390868446135
2020-02-21,-0.002005635176617766
2020-02-24,-0.002140740560440345
2020-02-25,-0.010125948939911318
2020-02-26,-0.011031305449229341
2020-02-27,-0.010295030099514603
2020-02-28,-0.0018476004124523223
2020-03-02,-0.025959165160757247
2020-03-03,0.0021543434120124
2020-03-04,-0.02039145555684563
2020-03-05,0.008163656528198343
2020-03-06,0.013805666798437847
2020-03-09,0.052590444985672814
2020-03-10,-0.012938993266729738
2020-03-11,0.008802335946621598
2020-03-12,0.0214140787741224
2020-03-13,-0.03726744135875042
2020-03-16,0.026665162463874355
2020-03-17,0.0034598546744943406
2020-03-18,0.039307744282394336
2020-03-19,-0.017803302399263213
2020-03-20,-0.009531364801998328
2020-03-23,0.010205490001237051
2020-03-24,0.01568704902366131
2020-03-25,-0.009692259147889777
2020-03-26,-0.008553887154274409
2020-03-27,-0.005897850089227141
2020-03-30,0.006775356815515691
2020-03-31,-0.001320212298233832
2020-04-01,0.003014177720707302
2020-04-02,-0.023364283739893226
2020-04-03,0.010842027829082144
2020-04-06,0.01742500185651686
2020-04-07,-0.022934028542560977
2020-04-08,0.013033078792753613
2020-04-09,0.020691480042976933
2020-04-13,-0.018368036648341433
2020-04-14,0.03287011579072263
2020-04-15,0.0005492288673982267
2020-04-16,0.017930485022815718
2020-04-17,-0.026366322090083
2020-04-20,0.011958539376664249
2020-04-21,-0.0016808045827105544
2020-04-22,0.004216683869110171
2020-04-23,0.015322806442398584
2020-04-24,0.00022810208777762457
2020-04-27,-0.007503825664428437
2020-04-28,-0.005375585466454381
2020-04-29,-0.0027568765884756164
2020-04-30,-0.00037986538485151183
2020-05-01,0.016531628765647025
2020-05-04,0.0023650344192636323
2020-05-05,-6.898560260064877e-06
2020-05-06,-0.00037307279814863606
2020-05-07,0.0005403997346971842
2020-05-08,0.0012647067129009943
2020-05-11,-0.011228676651297554
2020-05-12,-0.007383997937395395
2020-05-13,0.00520206164733152
2020-05-14,0.0020149000794868572
2020-05-15,-0.0008820819256828922
2020-05-18,-0.014267063085820215
2020-05-19,0.005882967465662
2020-05-20,0.006072491266874502
2020-05-21,-0.0016683163579712104
2020-05-22,-0.002379150269825185
2020-05-26,-0.0155071224420234
2020-05-27,-0.002643182340103433
2020-05-28,-0.011339883200445353
2020-05-29,0.005821537452674443
2020-06-01,-0.0023925599280766943
2020-06-02,-0.007058192812802565
2020-06-03,-0.022861918257344037
2020-06-04,-0.01043377264686309
2020-06-05,-0.007164222834805195
2020-06-08,0.007840281339414381
2020-06-09,-0.00617252191190381
2020-06-10,-0.006501797093478801
2020-06-11,-0.005310092350126866
2020-06-12,0.0009042443564196254
2020-06-15,-7.385861423841273e-06
2020-06-16,-0.0012479466189215724
2020-06-17,0.012546126084255736
2020-06-18,-0.00024716911332015696
2020-06-19,0.00803684492725365
2020-06-22,0.005721035906731978
2020-06-23,0.006184517194757107
2020-06-24,-0.004453860913085139
2020-06-25,0.0025634977593823067
2020-06-26,-0.006321546119972952
2020-06-29,-0.0012103863279821132
2020-06-30,0.0029867703572015753
2020-07-01,-0.008354751692883505
2020-07-02,0.0026902821404914757
2020-07-06,0.009278488715093219
2020-07-07,0.01002093140466041
2020-07-08,-0.0033150228442345325
2020-07-09,0.000507267802006695
2020-07-10,0.0016146970746225974
2020-07-13,-0.020948357002679906
2020-07-14,-0.008711535633168035
2020-07-15,-0.01220364926590839
2020-07-16,-0.005609889339502717
2020-07-17,0.008557927941564495
2020-07-20,0.012772894455559233
2020-07-21,-0.0044532264414402145
2020-07-22,-0.008153448564210176
2020-07-23,-0.00506641461985718
2020-07-24,0.0014265476727459495
2020-07-27,-0.007651777041703661
2020-07-28,-0.0035677091501935118
2020-07-29,0.004626458975602553
2020-07-30,-0.01597411509986977
2020-07-31,-0.00492287234325295
2020-08-03,0.012783535550502769
2020-08-04,-0.007756517268247641
2020-08-05,-0.00568974013610951
2020-08-06,0.008532276446790128
2020-08-07,-0.009829473899884842
2020-08-10,-0.017528907225106128
2020-08-11,-0.01379786992951847
2020-08-12,0.010927069665223714
2020-08-13,0.010178622802373027
2020-08-14,-0.005392108119534261
2020-08-17,0.0033808648716587455
2020-08-18,-0.00027174030232110166
2020-08-19,0.002316691650747737
2020-08-20,-0.007456650560892583
2020-08-21,-0.0005618969009971364
2020-08-24,0.0007403394303347128
2020-08-25,0.006962180181796735
2020-08-26,0.010567815721455064
2020-08-27,0.002748960167757746
2020-08-28,-0.005478133348019964
2020-08-31,0.014366706952389539
2020-09-01,-0.00303913281369194
2020-09-02,0.02022462372017117
2020-09-03,-0.018577398226486613
2020-09-04,-0.015307916262362104
2020-09-08,-0.0003480873381082961
2020-09-09,-0.00024693608174757194
2020-09-10,0.005033749327485187
2020-09-11,-0.006181641466955539
2020-09-14,0.006308656739405005
2020-09-15,-0.0010891466238103177
2020-09-16,-0.01701612880594707
2020-09-17,-0.0041738003252896425
2020-09-18,0.004683767439255104
2020-09-21,0.008785460022289993
2020-09-22,0.015531183963317855
2020-09-23,0.0028438086577049887
2020-09-24,0.0006281445333472161
2020-09-25,0.004321646511610933
2020-09-28,-0.007378687037413542
2020-09-29,0.014469781448826002
2020-09-30,-0.0013007182231426625
2020-10-01,0.0196547065288145
2020-10-02,-0.01535059320264217
2020-10-05,0.0017499232178419277
2020-10-06,-0.0021354259801238066
2020-10-07,0.002511817892861277
2020-10-08,-0.010968995758392372
2020-10-09,0.011019820379930382
2020-10-12,0.006866585637592587
2020-10-13,0.007724496787163982
2020-10-14,-0.0012045628772970741
2020-10-15,-0.005576620526074844
2020-10-16,0.012142722162614876
2020-10-19,0.0026644164153964978
2020-10-20,-8.332278884920713e-05
2020-10-21,0.0062624719024964755
2020-10-22,-0.0014927886487719807
2020-10-23,0.0034680700584016353
2020-10-26,0.0036097394760876943
2020-10-27,0.017646411343623526
2020-10-28,-0.001290730203039123
2020-10-29,0.003423362460612221
2020-10-30,-0.021367766299203263
2020-11-02,-0.012032046319343119
2020-11-03,0.005489669827205236
2020-11-04,0.010062459708000834
2020-11-05,0.021372122211403624
2020-11-06,0.010980905913301238
2020-11-09,-0.02334797564668876
2020-11-10,-0.014132006189433187
2020-11-11,0.011706328411880896
2020-11-12,0.007805188119355012
2020-11-13,-0.007965745926254627
2020-11-16,0.009947559270183008
2020-11-17,0.009760333621835456
2020-11-18,-0.0025554591606701104
2020-11-19,0.010024757717255266
2020-11-20,-0.000155255322282658
2020-11-23,0.02084478950959844
2020-11-24,0.014676455772818824
2020-11-25,-0.008678744197669576
2020-11-27,-0.0022823196515909206
2020-11-30,-0.006907855725290887
2020-12-01,-0.0057034565484331435
2020-12-02,0.007746102339644852
2020-12-03,0.006553332237780787
2020-12-04,0.01706125033328666
2020-12-07,-0.0020579047603173817
2020-12-08,0.008071361694345427
2020-12-09,-0.0034398312389341754
2020-12-10,0.014837191242296707
2020-12-11,-0.0013814797778920098
2020-12-14,-0.016021775218299214
2020-12-15,0.005154065226885544
2020-12-16,-0.011264635943130319
2020-12-17,-0.000612522930551957
2020-12-18,-0.0017821669399030197
2020-12-21,-0.0014809378738102898
2020-12-22,0.00969163365817621
2020-12-23,-0.015920769554586274
2020-12-24,0.006507402324280704
2020-12-28,0.006889256720280183
2020-12-29,0.00295442989256617
2020-12-30,-0.0023445606501140692
2020-12-31,-0.0005854425439184891
2021-01-04,-0.00025559996128777206
2021-01-05,-0.007118161525893728
2021-01-06,-0.021156278934849972
2021-01-07,0.007328931309287963
2021-01-08,0.009224040722618267
2021-01-11,0.008513306959965033
2021-01-12,0.009837573634128604
2021-01-13,-0.012331692624619923
2021-01-14,0.014407833744314227
2021-01-15,-0.01625005989654885
2021-01-19,-0.000304106432473084
2021-01-20,0.009186811839758882
2021-01-21,0.00976930891787172
2021-01-22,0.0024493511521198373
2021-01-25,0.011334184863322862
2021-01-26,0.012896845904125232
2021-01-27,-0.0076681974912279635
2021-01-28,-0.006172213489896252
2021-01-29,0.0029755073713320654
2021-02-01,0.010183371973280007
2021-02-02,0.0013347962715838891
2021-02-03,0.006501889430999377
2021-02-04,-0.006683427552619743
2021-02-05,0.004536467051147769
2021-02-08,-0.015033781921213022
2021-02-09,0.0008618941686605579
2021-02-10,-0.007358992950201497
2021-02-11,0.001638488264222681
2021-02-12,-0.005303063008929484
2021-02-16,-0.01058686796167519
2021-02-17,0.0025331122914179645
2021-02-18,0.0027242520652518746
2021-02-19,-0.00016836930526249218
2021-02-22,0.027978633354742218
2021-02-23,0.005644938169265172
2021-02-24,0.013800170587392963
2021-02-25,0.0030617375692091353
2021-02-26,-0.009207214098057342
2021-03-01,0.012490280274787543
2021-03-02,-0.0011240732792715553
2021-03-03,0.004938418415960884
2021-03-04,-0.002465985257825781
2021-03-05,-0.0023697338001541146
2021-03-08,-0.0023685020553415224
2021-03-09,-0.01673332375801423
2021-03-10,0.005679880960890165
2021-03-11,-0.004029214922222308
2021-03-12,-0.0056904518597427085
2021-03-15,-0.00301550493066709
2021-03-16,-0.006616878849219433
2021-03-17,2.3055139552135813e-05
2021-03-18,-0.01962138651136397
2021-03-19,0.005614068666530378
2021-03-22,0.0008162037621133309
2021-03-23,-0.0029831288921414187
2021-03-24,-0.012125423875449182
2021-03-25,-0.00794183100462302
2021-03-26,-0.0071775637942000856
2021-03-29,0.0033699582192910083
2021-03-30,-0.013186615603685333
2021-03-31,0.006661618084779978
2021-04-01,0.0025493943677220906
2021-04-05,-0.009645644855177288
2021-04-06,-0.0021377051292807746
2021-04-07,0.001439392418456589
2021-04-08,9.585608869702548e-05
2021-04-09,-0.006046398444233085
2021-04-12,0.0016795446141048972
2021-04-13,-0.0034506131062044033
2021-04-14,0.015599171662679037
2021-04-15,-0.015852499067569144
2021-04-16,0.00027217701422214014
2021-04-19,-0.003861029758150816
2021-04-20,0.007383728541748336
2021-04-21,0.004507309365092773
2021-04-22,-0.005383829323554246
2021-04-23,-0.0005096743890119897
2021-04-26,0.004774684494627118
2021-04-27,-0.004011313122690844
2021-04-28,-0.012520012430321236
2021-04-29,-0.007637915245744146
2021-04-30,0.0037238835163664213
2021-05-03,-0.002964011448722809
2021-05-04,0.010184658428381682
2021-05-05,-0.011120424347647592
2021-05-06,0.0007765620420189358
2021-05-07,-0.0011802568750674005
2021-05-10,0.003668548686611481
2021-05-11,-0.005446084911836409
2021-05-12,0.02258165165181049
2021-05-13,-0.008422707343452301
2021-05-14,0.005916948579338072
2021-05-17,0.007332966033741442
2021-05-18,-0.008761032948548797
2021-05-19,-0.0019066153752788045
2021-05-20,-0.0013638549475612064
2021-05-21,-0.0021106580262163976
2021-05-24,0.00030866496748299275
2021-05-25,-0.007313872854568785
2021-05-26,-0.0017503039207049536
2021-05-27,0.002114949614010769
2021-05-28,-0.0026967412920579584
2021-06-01,0.019577204566181058
2021-06-02,0.001533283394297889
2021-06-03,0.0017830610670266068
2021-06-04,-0.0002416182310879438
2021-06-07,-0.004127824650408067
2021-06-08,0.005376423408429921
2021-06-09,-0.0006764696425231873
2021-06-10,-0.003601611584951799
2021-06-11,-0.005393830804199195
2021-06-14,-0.010260353854971246
2021-06-15,0.009797772615778765
2021-06-16,-0.0024050439061761067
2021-06-17,-0.022748637640119578
2021-06-18,-0.007558740078844225
2021-06-21,0.0020561930990464347
2021-06-22,-0.005128225545103881
2021-06-23,-0.002478524160893493
2021-06-24,-0.007061620602445844
2021-06-25,-0.0016059021883971332
2021-06-28,-0.0032319541797737094
2021-06-29,-0.0005962090433871427
2021-06-30,-0.001164922263626755
2021-07-01,0.0033384004475872984
2021-07-02,0.0038923769736069974
2021-07-06,0.0024706404827385077
2021-07-07,-0.008581280529958053
2021-07-08,0.008142647515836742
2021-07-09,-0.0037521700809468304
2021-07-12,0.004710429770936206
2021-07-13,-0.009230709965075998
2021-07-14,0.013852383448830663
2021-07-15,0.012825858101728989
2021-07-16,0.01110868512913525
2021-07-19,-0.006260412013521485
2021-07-20,0.010507067492678133
2021-07-21,0.005928746368010511
2021-07-22,-0.006199246234615542
2021-07-23,-0.006303963263245746
2021-07-26,-0.0064356580320368215
2021-07-27,0.00010419225997726061
2021-07-28,-0.005944767608804774
2021-07-29,0.0019577765021253817
2021-07-30,-0.006360806519322327
2021-08-02,-0.0028317283602975847
2021-08-03,0.0014828859231681099
2021-08-04,0.002820004547879442
2021-08-05,-0.008810869709863209
2021-08-06,-2.974685523176397e-05
2021-08-09,0.0023542078796416816
2021-08-10,-0.006012108348058479
2021-08-11,-0.001945921421961911
2021-08-12,0.001425906870699218
2021-08-13,0.0033272164052423198
2021-08-16,-0.0007754083449019438
2021-08-17,-0.007390543957970125
2021-08-18,0.00554025545136086
2021-08-19,-0.0004860894738408939
2021-08-20,-0.0013969334773846671
2021-08-23,-0.00672506999573429
2021-08-24,-6.561611303142634e-05
2021-08-25,0.0011244172788054832
2021-08-26,0.0034317561067184086
2021-08-27,-0.0005813591566783474
2021-08-30,0.00033700807743728984
2021-08-31,0.001867316364453369
2021-09-01,0.010557947319188415
2021-09-02,-0.005689398784291829
2021-09-03,-0.0011934034824591195
2021-09-07,0.0035053465942925565
2021-09-08,0.0076360724345764285
2021-09-09,-0.0073944479737136
2021-09-10,-0.009252196224523852
2021-09-13,-0.006283537285291198
2021-09-14,-0.001284763324045935
2021-09-15,-0.007860768264607772
2021-09-16,0.002969936449933583
2021-09-17,-0.0015041492295698568
2021-09-20,-0.0045256271170331765
2021-09-21,0.0018213796117526355
2021-09-22,0.007279028456743639
2021-09-23,0.007329780068159643
2021-09-24,0.0033177761672280827
2021-09-27,0.00451169226583541
2021-09-28,0.012628999227715121
2021-09-29,0.005289233737502944
2021-09-30,0.00041833782299062353
2021-10-01,0.0037467083171258734
2021-10-04,0.010737627222307547
2021-10-05,-0.002252830200280164
2021-10-06,-0.004474937329380299
2021-10-07,-0.00785903967213477
2021-10-08,0.012393891428868103
2021-10-11,-0.0022032450419602603
2021-10-12,-6.775746020564865e-06
2021-10-13,-0.006335726815823369
2021-10-14,-0.006222885829134268
2021-10-15,0.005452999237022517
2021-10-18,0.00327294884564663
2021-10-19,-0.005357082163325521
2021-10-20,-0.0021387042066902872
2021-10-21,0.006413553689170219
2021-10-22,0.0029443456355624886
2021-10-25,-0.004114380171813251
2021-10-26,0.002572213281586214
2021-10-27,-0.012574943683532559
2021-10-28,0.0020145743750891254
2021-10-29,-0.011473558430324146
2021-11-01,0.003335467504137925
2021-11-02,-0.004879193236575003
2021-11-03,-0.004763445402737295
2021-11-04,0.01130297474718341
2021-11-05,0.0023357934194861963
2021-11-08,-0.009548700832322512
2021-11-09,-0.007134376842630951
2021-11-10,0.0036423584713842724
2021-11-11,-0.005253648445848273
2021-11-12,0.009033719820433474
2021-11-15,0.0007904936531146166
2021-11-16,-0.011319860624267195
2021-11-17,-0.002233460472409822
2021-11-18,-0.00927685223589425
2021-11-19,0.006430143672286465
2021-11-22,0.010430541737443025
2021-11-23,0.017472206173219988
2021-11-24,0.0030278224498525236
2021-11-26,-0.008495043908145537
2021-11-29,-0.0029675985192826166
2021-11-30,0.005650407244468615
2021-12-01,-0.004179995990524446
2021-12-02,0.0019928000665354736
2021-12-03,-0.00562746433022902
2021-12-06,0.0026195699224243816
2021-12-07,-0.0001310503948784604
2021-12-08,0.0033533248142004583
2021-12-09,0.0024356512571603135
2021-12-10,0.008739694414429493
2021-12-13,0.007884775953401441
2021-12-14,-0.006654694898132365
2021-12-15,0.014385661170574446
2021-12-16,-0.013033243265092531
2021-12-17,-0.0026108221965416107
2021-12-20,-0.003385275213463512
2021-12-21,-0.003394964659219445
2021-12-22,-0.0009804152790965973
2021-12-23,-0.0024369033795212654
2021-12-27,0.00269553048760225
2021-12-28,-0.003547881833270111
2021-12-29,-0.0002943195629356622
2021-12-30,0.000259513693446323
2021-12-31,-0.0021708729312216275
2022-01-03,0.0057965591384127844
2022-01-04,0.011919788712250872
2022-01-05,0.016131864525162437
2022-01-06,0.007591787823616709
2022-01-07,0.014393386919087101
2022-01-10,-0.0018022464895978462
2022-01-11,0.004526310585044772
2022-01-12,-0.002360357956927246
2022-01-13,0.017081105384570736
2022-01-14,-0.0004628871757856802
2022-01-18,0.009642287945849077
2022-01-19,0.010010979026646093
2022-01-20,0.0015398263416599475
2022-01-21,0.003653385665126867
2022-01-24,-0.0038480266852091733
2022-01-25,0.015566733652985412
2022-01-26,-0.0006983807804857357
2022-01-27,0.013033005441879193
2022-01-28,-0.013334678527060499
2022-01-31,-0.009769127581248718
2022-02-01,0.017538778814273955
2022-02-02,-0.006689689768799121
2022-02-03,0.005997268387277373
2022-02-04,0.017110622964582788
2022-02-07,-9.671039219890732e-06
2022-02-08,0.005433694562883006
2022-02-09,-0.007229827881214011
2022-02-10,0.002972489613901903
2022-02-11,-0.0058019007839446015
2022-02-14,-0.012067861444261125
2022-02-15,-0.009304927149570841
2022-02-16,-0.00014094310114726389
2022-02-17,0.0037102592166165134
2022-02-18,0.0016811549287859802
2022-02-22,-0.0006370995816554405
2022-02-23,-0.00732577122625558
2022-02-24,0.005223784921116409
2022-02-25,0.009392774284673545
2022-02-28,0.01423894292118648
2022-03-01,-0.0028383812726659307
2022-03-02,0.00279840058778311
2022-03-03,0.002542005989483767
2022-03-04,0.006903566151538922
2022-03-07,0.021277324487455767
2022-03-08,0.0091668178745774
2022-03-09,-0.024656013484426857
2022-03-10,0.01486547811848863
2022-03-11,0.005805435098982028
2022-03-14,0.021147440454129664
2022-03-15,0.025435997868453887
2022-03-16,0.005486384656456919
2022-03-17,-0.007079772564238424
2022-03-18,-0.00016503606134688539
2022-03-21,-0.011173714089288982
2022-03-22,0.0042278434563987
2022-03-23,-0.012301301788883088
2022-03-24,0.0028294332400770708
2022-03-25,0.0028746581394343638
2022-03-28,-0.002369545685907531
2022-03-29,-0.0010099745082277518
2022-03-30,0.008991981137672859
2022-03-31,0.005558774037985116
2022-04-01,-1.814114957848995e-05
2022-04-04,0.0024169718905762303
2022-04-05,0.007559363371596034
2022-04-06,0.003796367861949983
2022-04-07,-0.010992991544971319
2022-04-08,-0.00764150806183762
2022-04-11,-0.012784992202329327
2022-04-12,0.005360247695178898
2022-04-13,-0.0062780459820096475
2022-04-14,0.003117126762456529
2022-04-18,0.00033770768184545295
2022-04-19,-0.008894257743883301
2022-04-20,0.009116441872325513
2022-04-21,-0.00935978292193523
2022-04-22,0.00014559670016052809
2022-04-25,-0.009521644860144132
2022-04-26,0.011540281871038055
2022-04-27,0.0023714639224199736
2022-04-28,-0.009576672168809539
2022-04-29,-0.007161919410384938
2022-05-02,-0.003304758661378784
2022-05-03,0.009936524434121302
2022-05-04,0.01219894079024806
2022-05-05,0.009733392157735431
2022-05-06,0.019340721456325143
2022-05-09,-0.013883901572752155
2022-05-10,0.010423367960602994
2022-05-11,-0.0018491675981411586
2022-05-12,0.008357106562046848
2022-05-13,0.009837747807956203
2022-05-16,0.009545749675565086
2022-05-17,0.0014241131232749303
2022-05-18,0.00211972906461445
2022-05-19,0.0038610549388300394
2022-05-20,-0.0025242940373757057
2022-05-23,0.0017345823878423322
2022-05-24,0.024510521144994385
2022-05-25,-0.010149861627405245
2022-05-26,-0.020827586469919723
2022-05-27,0.004099660399675662
2022-05-31,-0.007538686180894925
2022-06-01,0.007185430554861355
2022-06-02,-0.014900889932095221
2022-06-03,0.006362110385345027
2022-06-06,0.005817849425311725
2022-06-07,-0.014194703473375047
2022-06-08,0.0027124508551678007
2022-06-09,0.00102900364954929
2022-06-10,-0.0017820627753611154
2022-06-13,-0.008138827588963799
2022-06-14,-0.01079074980843859
2022-06-15,0.0008766679953389148
2022-06-16,0.008093189103097143
2022-06-17,-0.007369089127531237
2022-06-21,0.023876562076688913
2022-06-22,-0.012035845612279664
2022-06-23,-0.013057513999445759
2022-06-24,-0.006544627116298517
2022-06-27,0.017307446112291965
2022-06-28,0.014296243921048174
2022-06-29,-0.010425551060816534
2022-06-30,0.005631674593997796
2022-07-01,0.011654739167304114
2022-07-05,-0.04242787910579097
2022-07-06,-0.0008012308104790784
2022-07-07,0.0035962773972085063
2022-07-08,-0.002385423781641819
2022-07-11,0.01930216565779304
2022-07-12,-0.002667401749896331
2022-07-13,-0.009112811964591527
2022-07-14,0.005610412220698031
2022-07-15,0.0020012545408560176
2022-07-18,-0.010882872860574277
2022-07-19,-0.0029212051259493946
2022-07-20,-0.003962215705889222
2022-07-21,0.004794269654371038
2022-07-22,0.009870993389019833
2022-07-25,0.010117748581647086
2022-07-26,0.0027405460516321378
2022-07-27,-0.00446712613817457
2022-07-28,0.0030983597428873365
2022-07-29,0.009267165367350262
2022-08-01,0.004458478189644215
2022-08-02,0.00047458367863718355
2022-08-03,0.0011688163549960567
2022-08-04,0.0015726285300325233
2022-08-05,-0.009028764862621625
2022-08-08,-0.002508025763296718
2022-08-09,-0.0029264236961424927
2022-08-10,0.0031672133443334917
2022-08-11,0.01505574282153192
2022-08-12,-0.006530431331757433
2022-08-15,-0.008179654606647956
2022-08-16,-0.003014057021707739
2022-08-17,0.005894214214334403
2022-08-18,0.00963971871327453
2022-08-19,0.002351543981700175
2022-08-22,0.00665485546587377
2022-08-23,0.007123156175656031
2022-08-24,0.0035013942478244026
2022-08-25,-0.004664399360743149
2022-08-26,0.001534269563042623
2022-08-29,-0.008269747707623013
2022-08-30,0.00041091824434517487
2022-08-31,-0.00038617526004847136
2022-09-01,0.0036099852410548298
2022-09-02,-0.013427353601449388
2022-09-06,-0.00037655287249142014
2022-09-07,0.021285160460926177
2022-09-08,-0.005195728120731572
2022-09-09,-0.003728527244639326
2022-09-12,0.0013436646868799583
2022-09-13,0.002321682764517973
2022-09-14,0.009589693214762657
2022-09-15,0.0034668017998381235
2022-09-16,-0.007547373283043198
2022-09-19,0.007584770087731439
2022-09-20,-0.006807943555225628
2022-09-21,0.0036661232862178392
2022-09-22,-0.006197999526668488
2022-09-23,0.013469188571397143
2022-09-26,0.0034117726659625
2022-09-27,0.007838465245455267
2022-09-28,8.82894441297001e-05
2022-09-29,0.009783584564825564
2022-09-30,-0.008407450611792138
2022-10-03,0.016026447863181498
2022-10-04,0.004249855058275558
2022-10-05,-0.00014610331057542255
2022-10-06,-0.0030160584232081706
2022-10-07,0.0018071628691907157
2022-10-10,-0.008994336278591962
2022-10-11,-0.00044381446120896366
2022-10-12,0.004445079992108317
2022-10-13,0.010026526033556074
2022-10-14,-0.006943003315375699
2022-10-17,-0.007848696335937102
2022-10-18,-0.0029157991087251063
2022-10-19,0.005639470915082531
2022-10-20,0.005784068881031088
2022-10-21,0.002705028385638444
2022-10-24,0.008323606414575364
2022-10-25,-0.0024916250336236827
2022-10-26,0.012049274790554529
2022-10-27,0.015967245991601264
2022-10-28,0.0018201212481852203
2022-10-31,-0.00779223522450081
2022-11-01,-0.0032760983657366943
2022-11-02,-0.0015770083089366158
2022-11-03,-0.010545179330458572
2022-11-04,0.0015447009062505956
2022-11-07,-0.004294176803435532
2022-11-08,-0.0011352049227862098
2022-11-09,-0.002402015674414035
2022-11-10,0.017204234041941092
2022-11-11,-0.0014193260808246279
2022-11-14,0.007133046900273622
2022-11-15,-0.009775693637793546
2022-11-16,0.007091560551938332
2022-11-17,0.0007848412207891501
2022-11-18,0.005310014235220457
2022-11-21,0.002933832434445551
2022-11-22,-0.007007093231254019
2022-11-23,0.007731650736543062
2022-11-25,0.0033814159385132624
2022-11-28,-0.0028312553207005516
2022-11-29,-0.0006042337327555316
2022-11-30,0.00782833031214738
2022-12-01,0.003669863329702625
2022-12-02,0.0007190430156138819
2022-12-05,-0.006125291721672916
2022-12-06,0.0028367725185551307
2022-12-07,-0.00169019576735679
2022-12-08,0.0010800262338813882
2022-12-09,-0.007101794854198642
2022-12-12,-0.00941442768424201
2022-12-13,-0.010777094846888824
2022-12-14,0.0005113024395062107
2022-12-15,0.0036252539887339777
2022-12-16,-0.005951021560556375
2022-12-19,0.0018719828630860181
2022-12-20,0.007844839491878058
2022-12-21,0.0010671451051290214
2022-12-22,-0.0029735710704678624
2022-12-23,0.0035753864236353996
2022-12-27,-0.0005453908093036701
2022-12-28,-0.001789288435771507
2022-12-29,0.00245425270192628
2022-12-30,-0.0018860114457174217
2023-01-03,-0.008376263506368501
2023-01-04,-0.004875649507602554
2023-01-05,0.010633281153460544
2023-01-06,-0.008792350933474802
2023-01-09,-0.009594639863401583
2023-01-10,-0.002903273525998315
2023-01-11,-0.007987679031453202
2023-01-12,-0.014822624416861994
2023-01-13,0.0037240855401038156
2023-01-17,-0.0005549593075976538
2023-01-18,-0.002222384233866128
2023-01-19,-0.004927155604807139
2023-01-20,-0.0012620219034454572
2023-01-23,0.005203664438306421
2023-01-24,-0.004609344627723641
2023-01-25,0.0077617589998171446
2023-01-26,0.010585078162151602
2023-01-27,-0.0015145329291985378
2023-01-30,-0.00291616624434909
2023-01-31,-0.004950706406453787
2023-02-01,-0.009838011403825918
2023-02-02,0.005529202594628295
2023-02-03,0.009421404476418866
2023-02-06,0.001114415205167473
2023-02-07,-0.0035841474193441347
2023-02-08,-0.0015696816354974167
2023-02-09,0.0007268483073513518
2023-02-10,-0.012618124880209736
2023-02-13,0.0032761344982497552
2023-02-14,-0.004951050474515069
2023-02-15,0.0035955368434316824
2023-02-16,0.00194104187049663
2023-02-17,0.009402981440424391
2023-02-21,0.00030001273344874266
2023-02-22,-0.002733465702262487
2023-02-23,0.0013292057551802369
2023-02-24,-0.00012244932614817255
2023-02-27,0.00015612378127083092
2023-02-28,0.002008504356709743
2023-03-01,0.009310083376783296
2023-03-02,-8.467530041583618e-05
2023-03-03,-0.008168550913225504
2023-03-06,-0.00218959141783004
2023-03-07,-0.0002658786068727207
2023-03-08,-0.0023395132736960477
2023-03-09,-0.01239442168506212
2023-03-10,0.002622399348814083
2023-03-13,0.01903013168535418
2023-03-14,4.267557842126292e-05
2023-03-15,0.029546018438732603
2023-03-16,0.002594640602713009
2023-03-17,0.0184653465827151
2023-03-20,-0.0006095337175695331
2023-03-21,0.0021912743267987296
2023-03-22,0.006823323181125036
2023-03-23,0.0014632881334888802
2023-03-24,-0.009661529043439837
2023-03-27,0.01399018239828846
2023-03-28,0.011699047676660647
2023-03-29,-0.0025092246698411023
2023-03-30,-0.004427040840207033
2023-03-31,-0.0030456291880401848
2023-04-03,-0.01202777311869548
2023-04-04,-0.00467890571464041
2023-04-05,-0.011263787194785959
2023-04-06,-0.0001565094650907619
2023-04-10,0.0018383978437282416
2023-04-11,0.003457712279772155
2023-04-12,-0.0009153999433458211
2023-04-13,0.004001114863647315
2023-04-14,0.004736252776893902
2023-04-17,0.0040681260473944564
2023-04-18,-0.00020241520878532356
2023-04-19,-0.002406391553577674
2023-04-20,-0.000609392882619247
2023-04-21,0.0026427197934886662
2023-04-24,-0.0009061707830362569
2023-04-25,-0.0029090727433398866
2023-04-26,0.0034201504832532034
2023-04-27,0.0037329322055454322
2023-04-28,0.005207660897982935
2023-05-01,-0.0014920462108906664
2023-05-02,0.014038059049920107
2023-05-03,0.004778889249983204
2023-05-04,0.00043550372646136313
2023-05-05,-0.004623814401204817
2023-05-08,0.003016357580254132
2023-05-09,-0.004771581734147771
2023-05-10,0.010632302030671795
2023-05-11,0.008334645168211788
2023-05-12,-0.0017103561162645383
2023-05-15,-0.008155989295544286
2023-05-16,0.010430892847742481
2023-05-17,-0.006246245229882588
2023-05-18,0.0011774119871642494
2023-05-19,-0.0060834708329802305
2023-05-22,0.0037798654338374493
2023-05-23,-0.009525860689115892
2023-05-24,-0.005888356631920888
2023-05-25,0.01933257335372875
2023-05-26,0.009285649427993679
2023-05-30,-0.001177783669750695
2023-05-31,-0.004982117704356767
2023-06-01,0.002936570256135613
2023-06-02,0.0008033640016736989
2023-06-05,0.003419608855730315
2023-06-06,-0.009274245599585331
2023-06-07,-0.010990503660854824
2023-06-08,0.0036578940451936345
2023-06-09,-0.00014517921798344624
2023-06-12,9.095236921534064e-05
2023-06-13,0.002542764759997905
2023-06-14,-0.011513410888411917
2023-06-15,0.0038893100089785197
2023-06-16,-0.0024605089352913454
2023-06-20,0.00011062165979479083
2023-06-21,-0.007234218800222742
2023-06-22,0.009517629151262383
2023-06-23,0.006436604280670092
2023-06-26,-0.010694160500068715
2023-06-27,-0.0018061109478966005
2023-06-28,0.0005897493328154974
2023-06-29,-0.002655291090432199
2023-06-30,0.0017065385571697097
2023-07-03,0.0008139524027814697
2023-07-05,0.006946365738026296
2023-07-06,0.002710962164847825
2023-07-07,0.0011347507351428348
2023-07-10,-0.006868175425812348
2023-07-11,0.006136131562906859
2023-07-12,0.00950112931004471
2023-07-13,0.0015681667218117575
2023-07-14,-0.010091969605259809
2023-07-17,0.00959406874566866
2023-07-18,0.004810768841228116
2023-07-19,-0.011113291725052184
2023-07-20,-0.02125821030100564
2023-07-21,-0.006037868530108162
2023-07-24,-0.00567687111504595
2023-07-25,0.004942701185693584
2023-07-26,-0.008164059490843343
2023-07-27,-0.005308913326636234
2023-07-28,0.0010988612709028661
2023-07-31,-0.004384010003348852
2023-08-01,-4.141423367579923e-05
2023-08-02,-0.0036083066987442204
2023-08-03,0.005226525576108753
2023-08-04,0.01036793536524957
2023-08-07,-0.006488937679684978
2023-08-08,0.009551369666234686
2023-08-09,0.002788579662681998
2023-08-10,0.001502852576843483
2023-08-11,0.0035487072470641243
2023-08-14,0.004621920265207687
2023-08-15,4.383281326051855e-05
2023-08-16,-0.0006670601057409929
2023-08-17,0.008609430380461327
2023-08-18,4.7687621478877725e-05
2023-08-21,-0.0059045395688616205
2023-08-22,-0.004612474757745696
2023-08-23,-0.0026967374084081643
2023-08-24,0.00011084501951113884
2023-08-25,0.0025447956973415095
2023-08-28,0.0005561922534613968
2023-08-29,0.0049632517120597516
2023-08-30,0.0008249020750187735
2023-08-31,0.009133619432995298
2023-09-01,0.001286010429486744
2023-09-05,0.011304848705965155
2023-09-06,0.0020300596812898065
2023-09-07,0.003016170768871285
2023-09-08,0.010792339336064034
2023-09-11,0.0031033306885211807
2023-09-12,0.0013512288142367174
2023-09-13,0.002904355155481973
2023-09-14,0.0013689437222488543
2023-09-15,-0.004646116345610735
2023-09-18,0.0009429224015290543
2023-09-19,-0.004075122286781184
2023-09-20,-0.0021926425876641993
2023-09-21,0.0004000241544198694
2023-09-22,-0.0024015144481774743
2023-09-25,-0.0017962499152407805
2023-09-26,0.006797474627842578
2023-09-27,0.010495334270538911
2023-09-28,0.00632742729830707
2023-09-29,-0.0004276215154178717
2023-10-02,0.0004321423706648425
2023-10-03,0.007560401367893523
2023-10-04,-0.0004158861656326073
2023-10-05,-0.004145873332753704
2023-10-06,0.005538858036664759
2023-10-09,-0.007732166725862475
2023-10-10,0.006476585158194367
2023-10-11,0.003692042963472562
2023-10-12,-0.0073122429508771175
2023-10-13,-0.005596684729912501
2023-10-16,0.005529047253983521
2023-10-17,-0.002199996402653173
2023-10-18,-0.006180347595726044
2023-10-19,-0.009223973629443208
2023-10-20,0.0038161928813552886
2023-10-23,0.005288650199500883
2023-10-24,0.008117290638874532
2023-10-25,-0.004915970298765641
2023-10-26,-0.009168140422796714
2023-10-27,-0.0038433032714659194
2023-10-30,0.012619845229478066
2023-10-31,-0.003881199379243138
2023-11-01,0.0038472214851178023
2023-11-02,-0.011291559254437193
2023-11-03,0.0026586856393519655
2023-11-06,0.0002804673745752484
2023-11-07,0.009258774541360187
2023-11-08,0.0063097471630793826
2023-11-09,0.0016782286398723486
2023-11-10,0.002118747360972781
2023-11-13,0.00492168219450686
2023-11-14,-0.012205068159879512
2023-11-15,0.0019314393758056631
2023-11-16,0.002901292385772288
2023-11-17,-0.007341109839949834
2023-11-20,0.002978264215205661
2023-11-21,-0.001257931154494984
2023-11-22,0.0015825966912758186
2023-11-24,-0.005398487058869583
2023-11-27,-0.0016953223986615692
2023-11-28,0.0018568231327734143
2023-11-29,-0.013401615684268904
2023-11-30,-0.006158254022814168
2023-12-01,-0.008897148406204904
2023-12-04,0.0023270790120882576
2023-12-05,0.0010783429834076283
2023-12-06,-0.006208164230142432
2023-12-07,-0.002106170895246659
2023-12-08,0.0011271977097452631
2023-12-11,-0.0029475931337968426
2023-12-12,-0.005514750425469996
2023-12-13,-0.0029338296754640204
2023-12-14,0.003641052381110851
2023-12-15,0.002325021518304708
2023-12-18,0.005307743684265875
2023-12-19,0.00044982221504732533
2023-12-20,0.00575749400064475
2023-12-21,-0.0036199388719277046
2023-12-22,0.0002568714857381345
2023-12-26,0.0009173135485819434
2023-12-27,-0.0028736575904347718
2023-12-28,-0.004732709845776562
2023-12-29,-0.0014148313063967507
2024-01-02,-0.0013991308051677556
2024-01-03,-0.0014652361226851183
2024-01-04,-0.00454081371993307
2024-01-05,-0.0006528624911784365
2024-01-08,0.010176200787746996
2024-01-09,0.004870399758605195
2024-01-10,0.008833139189520738
2024-01-11,-0.008883528193790196
2024-01-12,-0.0024330702029529525
2024-01-16,-0.0011904776271704585
2024-01-17,0.007486540636650503
2024-01-18,0.006707949616361292
2024-01-19,0.0016248952185707803
2024-01-22,-0.0009878957316223624
2024-01-23,-0.0006745246574425209
2024-01-24,0.01197681480122014
2024-01-25,0.006610575314794378
2024-01-26,-0.0041824393085532225
2024-01-29,-0.0012974067615097596
2024-01-30,-0.0009492429230121035
2024-01-31,-0.01015350777412942
2024-02-01,-0.010319767539376346
2024-02-02,0.025147680845343107
2024-02-05,0.0021557167794641176
2024-02-06,-0.003549064460029494
2024-02-07,-0.00248317369811664
2024-02-08,-0.00595618359722312
2024-02-09,0.0034079984106643495
2024-02-12,-0.005637640758499282
2024-02-13,0.0012443447643830704
2024-02-14,-0.004666993990982125
2024-02-15,0.001252935282880006
2024-02-16,-0.005054842472472179
2024-02-20,0.00029686972754692847
2024-02-21,-0.0004743172403365945
2024-02-22,0.0003744690736738991
2024-02-23,-0.0037928877003470247
2024-02-26,0.0041439677339153765
2024-02-27,-0.0005387820549588554
2024-02-28,-0.005048421159758209
2024-02-29,0.0054971870060559905
2024-03-01,0.002751222103361721
2024-03-04,0.0122279773282017
2024-03-05,-0.007388415872564395
2024-03-06,0.0038541617567632407
2024-03-07,-0.001801817545583195
2024-03-08,-0.0014906137271911207
2024-03-11,0.003913731916407306
2024-03-12,-0.004569432550401524
2024-03-13,0.012014949369751681
2024-03-14,0.005978822247575866
2024-03-15,0.0030503480540298744
2024-03-18,-0.001010241641214142
2024-03-19,0.0031462977083876555
2024-03-20,0.0030975143586242497
2024-03-21,0.006498667805939403
2024-03-22,-0.0002723227102802632
2024-03-25,0.0001731704018216099
2024-03-26,-0.0019255747219966558
2024-03-27,3.5570603572239456e-05
2024-03-28,0.0040760036506991065
2024-04-01,0.001306012460620726
2024-04-02,0.00564672701206219
2024-04-03,0.008898951076260684
2024-04-04,0.0005638461023297239
2024-04-05,0.006758211069896223
2024-04-08,-0.003579469160256621
2024-04-09,0.002020418408833601
2024-04-10,0.0003862474049813429
2024-04-11,-0.0019098609507642948
2024-04-12,-0.0038395657393778594
2024-04-15,-0.004864631964495885
2024-04-16,0.0012850671939611778
2024-04-17,-0.01453574821214053
2024-04-18,-0.004622364168833716
2024-04-19,-0.0033525108540659763
2024-04-22,0.004633902720384674
2024-04-23,0.005452706419711692
2024-04-24,-0.0011309729429422356
2024-04-25,-0.0043699106239691535
2024-04-26,-0.007598212409743949
2024-04-29,-0.006395301846505235
2024-04-30,-0.0022701669003087656
2024-05-01,0.003408690082007079
2024-05-02,-0.00647705302855112
2024-05-03,-0.007371132440668565
2024-05-06,0.002463963458030761
2024-05-07,-0.0024126485372721208
2024-05-08,-0.00277195554721463
2024-05-09,-0.001347624089618242
2024-05-10,0.0011954983177193282
2024-05-13,-0.0004824833203066704
2024-05-14,-0.00029020346354471677
2024-05-15,0.005630368061050156
2024-05-16,-7.685227440032958e-05
2024-05-17,0.0007085394769795273
2024-05-20,0.0012368404825835438
2024-05-21,-0.000857313359200457
2024-05-22,-0.006667763855671641
2024-05-23,1.1538092040680806e-05
2024-05-24,0.00499933453779931
2024-05-28,-0.0017264867477257977
2024-05-29,-0.0006620404097762767
2024-05-30,0.0057280024215484405
2024-05-31,0.004141487124996063
2024-06-03,0.00858232169591667
2024-06-04,0.010356091481421869
2024-06-05,-0.006102229475804318
2024-06-06,-0.002333016550764023
2024-06-07,-0.0015112676985281734
2024-06-10,-0.0024642062756955758
2024-06-11,-0.0031133695315903216
2024-06-12,-0.0018774907107721138
2024-06-13,-0.006157035573901791
2024-06-14,-0.0003134907410115538
2024-06-17,0.01595978559450133
2024-06-18,-0.003960147354032705
2024-06-20,-0.011304573328035201
2024-06-21,0.005944702778684829
2024-06-24,-0.01851740490091892
2024-06-25,0.007368639478331021
2024-06-26,0.0043826478575918195
2024-06-27,-0.0029361341031977246
2024-06-28,-0.00017739201819482104
2024-07-01,0.00881034246793402
2024-07-02,-0.0016003635811989965
2024-07-03,0.004987781174379699
2024-07-05,-0.005834412511092666
2024-07-08,-0.002897090340336534
2024-07-09,-0.0031079182793103542
2024-07-10,0.003163503620781748
2024-07-11,-0.01369203806991577
2024-07-12,0.0007852942808349262
2024-07-15,-0.009916720590765081
2024-07-16,-0.005697903706995266
2024-07-17,0.005737028034830308
2024-07-18,0.004649370898361451
2024-07-19,-0.00011481930645342964
2024-07-22,-0.008506567817397425
2024-07-23,-0.0019303501659316872
2024-07-24,0.009986069105083059
2024-07-25,0.01005727202498348
2024-07-26,0.005142484376252085
2024-07-29,-0.00687156160906058
2024-07-30,0.016576722662067264
2024-07-31,-0.009886500117660853
2024-08-01,-0.0012989951793561734
2024-08-02,-0.005516115649481044
2024-08-05,-0.010381423984254689
2024-08-06,0.005052972910828616
2024-08-07,0.00016411294086276975
2024-08-08,-0.0030807856471745136
2024-08-09,0.0011902709946272382
2024-08-12,-0.0028607150051497706
2024-08-13,0.003606609789991035
2024-08-14,0.0060947765966836275
2024-08-15,-0.008680606201912137
2024-08-16,-0.0012707419511171487
2024-08-19,-0.0002771471022878369
2024-08-20,-0.009346377859306703
2024-08-21,0.00046169330368020164
2024-08-22,0.00468732858248424
2024-08-23,0.0011534473459727439
2024-08-26,0.005242963501794347
2024-08-27,-0.005005768144051379
2024-08-28,0.002660465811024041
2024-08-29,0.0063078544843111865
2024-08-30,0.0006484435255198994
2024-09-03,-0.008263567742506047
2024-09-04,-0.007056427001567536
2024-09-05,0.001602669845423006
2024-09-06,-0.006777672677954277
2024-09-09,0.002404003520980239
2024-09-10,-0.009992326183407101
2024-09-11,-0.008825606731779897
2024-09-12,0.0007448379573034311
2024-09-13,-0.00038067832915187325
2024-09-16,-0.007694436935392756
2024-09-17,-0.0018124520382245177
2024-09-18,-0.003716197718394213
2024-09-19,0.0029028052396359552
2024-09-20,0.010567348552057673
2024-09-23,0.001000002673171259
2024-09-24,-0.006032679726018777
2024-09-25,-0.006383642384092031
2024-09-26,-0.01075832600014987
2024-09-27,0.012213662503239879
2024-09-30,0.0005093027283177994
2024-10-01,0.011813983396135645
2024-10-02,-0.003638455560704432
2024-10-03,0.0002691488200002867
2024-10-04,0.005223134075953402
2024-10-07,-0.0025224932945126467
2024-10-08,0.004672805902247158
2024-10-09,-0.005119788333687422
2024-10-10,-0.007488372766694189
2024-10-11,0.006661076636551037
2024-10-14,-0.006148936162796168
2024-10-15,-0.0032031475893046354
2024-10-16,-0.00828050171466119
2024-10-17,-3.842052173625614e-05
2024-10-18,-0.0016178991731456071
2024-10-21,0.001325404074370826
2024-10-22,-0.0021874328203002197
2024-10-23,0.007269031793079349
2024-10-24,-0.012562899106573397
2024-10-25,-0.007941046738421255
2024-10-28,0.004121208087750865
2024-10-29,0.0006124455940815007
2024-10-30,-0.0017054030643160931
2024-10-31,0.0035136799897546294
2024-11-01,-0.0028646869394643474
2024-11-04,0.009352645188610023
2024-11-05,0.004781942864864533
2024-11-06,-0.01718227207933795
2024-11-07,0.006907725968969411
2024-11-08,0.00763995492976326
2024-11-11,0.002139713000600067
2024-11-12,0.0029057987675566296
2024-11-13,0.00010601211579845888
2024-11-14,-0.007423796010982045
2024-11-15,-0.012624049741285911
2024-11-18,0.007009616192411594
2024-11-19,0.006889468541810697
2024-11-20,-0.0026315599919083986
2024-11-21,0.0004536010267615631
2024-11-22,-0.004215193767526354
2024-11-25,0.005384892656265885
2024-11-26,0.005802915651031221
2024-11-27,0.0033849174049149916
2024-11-29,-0.002001752507632721
2024-12-02,-0.013684143323313006
2024-12-03,-0.00693808930830271
2024-12-04,0.007058896593564437
2024-12-05,0.0005693474068853019
2024-12-06,0.0006364197688131928
2024-12-09,-0.008348242175366033
2024-12-10,0.013296696287774593
2024-12-11,0.005953441337558256
2024-12-12,0.003594994603273686
2024-12-13,-0.0007565034064667417
2024-12-16,0.0124416193505252
2024-12-17,0.0026038718476916866
2024-12-18,0.0006309294348503846
2024-12-19,0.0009450661415386554
2024-12-20,-0.013207006903668387
2024-12-23,-0.003526056233464869
2024-12-24,0.0013862171586623351
2024-12-26,0.0008736475528214779
2024-12-27,-0.002958427773310807
2024-12-30,-0.0015231717581874072
2024-12-31,0.0030609292836260176
2025-01-02,0.010197766826202471
2025-01-03,0.0027884723861355595
2025-01-06,0.0025111289624586116
2025-01-07,-0.0002150051564009615
2025-01-08,-0.005372121015971036
2025-01-10,0.004833331581090285
2025-01-13,-0.013605759498228207
2025-01-14,0.0032084825398940057
2025-01-15,0.002910890157942517
2025-01-16,0.004483317223816176
2025-01-17,0.00104810334371271
2025-01-21,0.00035938551459688056
2025-01-22,0.015122904088968197
2025-01-23,0.0018045288274248805
2025-01-24,0.0021019093243603644
2025-01-27,-0.03355492177675494
2025-01-28,0.012208098374713688
2025-01-29,0.0003729768573933397
2025-01-30,0.0004498502669542364
2025-01-31,0.008356393898605112
2025-02-03,-0.002277793403772433
2025-02-04,-0.0027433161724156946
2025-02-05,0.0007269911527026842
2025-02-06,0.0016237886556657506
2025-02-07,-0.005697804854919594
2025-02-10,0.0029763993345328665
2025-02-11,-0.0017407316882804978
2025-02-12,-0.009407710487877136
2025-02-13,-0.005692011564836969
2025-02-14,-0.0012056711172819447
2025-02-18,0.0043232009106157505
2025-02-19,-0.007233501689235812
2025-02-20,0.0013059343809479571
2025-02-21,-0.001081540604016158
2025-02-24,0.005179292614869517
2025-02-25,0.0050952123222282476
2025-02-26,-0.006513658994599469
2025-02-27,0.013058854179842079
2025-02-28,0.00027558663842711963
2025-03-03,0.019138061250494075
2025-03-04,-0.0067763394828147545
2025-03-05,0.004929871517248295
2025-03-06,-0.004599577191510544
2025-03-07,0.0008037292881806581
2025-03-10,-0.00835070565369756
2025-03-11,0.0019081408902511397
2025-03-12,-0.008115077705827034
2025-03-13,0.0011966033784331402
2025-03-14,-0.007012674923478807
2025-03-17,-2.6624906018520023e-05
2025-03-18,0.002958910384123993
2025-03-19,-0.004372804071577297
2025-03-20,-0.0014023567159749905
2025-03-21,-0.005963692726137425
2025-03-24,0.0061744019021097
2025-03-25,-0.0011813635342223868
2025-03-26,0.006828640986888682
2025-03-27,0.0008433492511164614
2025-03-28,0.006442614192858204
2025-03-31,0.005202741646860285
2025-04-01,-0.005125787034389897
2025-04-02,0.0031913861441576906
2025-04-03,0.016262657170824455
2025-04-04,-0.003622623458505336
2025-04-07,-0.004468247243503164
2025-04-08,-0.0026212660610229026
2025-04-09,-0.00957402252440557
2025-04-10,0.018873490528274264
2025-04-11,-0.0021486314745805804
2025-04-14,-0.0045057636805413016
2025-04-15,0.005365877415254177
2025-04-16,-0.005129150134101531
2025-04-17,-0.007857019661624408
2025-04-21,0.0073086334486806475
2025-04-22,-0.000656632691220336
2025-04-23,0.005392625639793657
2025-04-24,0.004058048227394097
2025-04-25,-0.004522756621368241
2025-04-28,-0.00616249829456178
2025-04-29,-0.0010619136919652263
2025-04-30,0.0015952805691371212
2025-05-01,0.0069055352522263995
2025-05-02,-0.0015921241971391196
2025-05-05,0.0047475235257601455
2025-05-06,-0.009681164666347365
2025-05-07,0.004997065471752186
2025-05-08,-0.010057837814706417
2025-05-09,-0.009835356866794794
2025-05-12,0.00876524890542236
2025-05-13,0.019959299437626483
2025-05-14,0.0057335542223863846
2025-05-15,-0.007701207916057308
2025-05-16,-0.011112973736546777
2025-05-19,-0.0005862002607657122
2025-05-20,0.00013791911081410552
2025-05-21,-0.004378649556419753
2025-05-22,-0.003532068329410437
2025-05-23,0.006462221586782767
2025-05-27,-0.001110695138660936
2025-05-28,0.0054960934822243825
2025-05-29,-0.004909678793792986
2025-05-30,0.007264619380358173
2025-06-02,-0.0019057457020325518
2025-06-03,-0.005284318604705735
2025-06-04,0.0011164702428443883
2025-06-05,0.007656570973499425
2025-06-06,-0.0027592906477706294
2025-06-09,-0.004244392846869757
2025-06-10,0.00832999552705701
2025-06-11,0.007825851432841788
2025-06-12,-0.0008102165341136957
2025-06-13,0.01250202061497151
2025-06-16,-0.0051053684766000995
2025-06-17,0.010958748718238044
2025-06-18,-0.0005743531155822696
2025-06-20,0.004882332760481534
2025-06-23,0.01617170007990054
2025-06-24,0.004803700058400986
2025-06-25,-0.002991244019290913
2025-06-26,0.0020765935843230325
2025-06-27,0.009517530584899193
2025-06-30,-0.0017279915057219078
2025-07-01,-0.018305872836088387
2025-07-02,0.004580566291598595
2025-07-03,0.003935287860148666
2025-07-07,0.0017472290632716161
2025-07-08,0.006486975842990935
2025-07-09,-0.003763510972063554
2025-07-10,-0.006048581845559821
2025-07-11,0.0047371090345093
2025-07-14,-0.006289610947566238
2025-07-15,-0.006568204117623525
2025-07-16,-0.007537585549385911
2025-07-17,0.0014441224880601896
2025-07-18,-0.0016986057769809288
2025-07-21,-0.002440320648457045
2025-07-22,-0.010887623390650579
2025-07-23,0.002254573478711094
2025-07-24,-0.0024199601337783682
2025-07-25,0.0020906919712793226
2025-07-28,0.010955136002614406
2025-07-29,-0.005954352468191704
2025-07-30,0.003126243724959816
2025-07-31,-0.002133747797357072
2025-08-01,-0.0034885481514734143
2025-08-04,-0.0008065843783394849
2025-08-05,0.0016299681927306204
2025-08-06,0.0053950278021742005
2025-08-07,-0.006331855037080341
2025-08-08,0.0037202839318059844
2025-08-11,-0.0027327004560818565
2025-08-12,-0.001068018002027328
2025-08-13,0.0006528002780680272
